useful_tokens,accepted_tokens,measurement_useful_rounds,measurement_complete_samples,measurement_start_ms,measurement_end_ms,goodput_tps,accepted_token_goodput_tps,completion_time_ms,mean_completion_time_ms,p95_completion_time_ms,mean_ttft_ms,p95_ttft_ms,mean_inter_token_latency_ms,p95_inter_token_latency_ms,server_utilization,draft_gpu_utilization_mean,draft_gpu_utilization_max,acceptance_rate,straggler_ratio,mean_round_latency_ms,p95_round_latency_ms,mean_client_interactivity_s_per_token,min_client_interactivity_s_per_token,max_client_interactivity_s_per_token,mean_client_service_rate_tps,min_client_service_rate_tps,max_client_service_rate_tps,p95_client_interactivity_s_per_token,mean_sample_interactivity_s_per_token,p95_sample_interactivity_s_per_token,interactivity_jain_fairness,interactivity_proportional_fairness_utility,service_rate_jain_fairness,service_rate_proportional_fairness_utility,token_fairness_jain,throughput_fairness_jain,interactivity_fairness_jain,baseline_family,baseline_name,seed,baseline_note,controller_policy,verification_scheduler,uplink_allocator,downlink_allocator
1727,0,1727,5,30000.0,330000.0,5.756666666666667,0.0,300000.0,45523.8279574795,53069.145925000725,207.6011727223675,229.50110302815156,196.08428933560626,220.86139613432286,0.23037462506326847,0.0,0.0,0.0,1.2018179291079145,205.3875479141322,250.63625764437165,0.19612886637220645,0.17944656814720816,0.22261393629605838,5.141392080539008,4.492081747613867,5.572689465867381,0.2208343932875678,0.19612886637220645,0.2208343932875678,0.9914151896301326,-8.166054841240578,0.9920894401262369,8.166054867928185,0.974436713230998,0.9920894401262369,0.9920894401262369,model,target_only,1,,target_only,fcfs,proportional,queue-weighted
1957,0,1957,6,30000.0,330000.0,6.523333333333333,0.0,300000.0,44638.572485928395,63495.9190135714,220.05985999980598,288.5734776471727,191.54721320671726,247.90974654873176,0.2409719185740687,0.0,0.0,0.0,1.436212892593818,215.7942025317585,319.8266179752594,0.19167486911035866,0.15091825166814885,0.2504316144971642,5.415507268852518,3.9931060701256773,6.626103794250679,0.24803093364676326,0.1916748691103586,0.24803093364676326,0.9606267113665689,-10.027716835077426,0.9680255940751659,10.02771686872052,0.984875327878602,0.9680255940751659,0.9680255940751659,model,target_only,2,,target_only,fcfs,proportional,queue-weighted
1859,0,1859,6,30000.0,330000.0,6.196666666666666,0.0,300000.0,40846.5676513076,47241.84842392089,205.72282802533846,223.76343168958556,176.1565297156104,212.07074671794297,0.22241600377174714,0.0,0.0,0.0,1.1695794885796797,194.2710752478418,277.6996717048204,0.17629178001576307,0.14567442966075722,0.21914361332042034,5.765683858312425,4.563217630886885,6.864622722936165,0.21210611018291844,0.1762917800157631,0.21210611018291844,0.9829640447101649,-10.463592839127815,0.9848500960865646,10.463592874779668,0.977670523334987,0.9848500960865646,0.9848500960865646,model,target_only,3,,target_only,fcfs,proportional,queue-weighted
1884,0,1884,5,30000.0,330000.0,6.28,0.0,300000.0,46137.35410244133,49245.66902634007,187.544988964613,252.81615839912118,195.37349147886619,199.4351073542495,0.24162965158078198,0.0,0.0,0.0,1.0706769863750047,214.26914021427524,266.49915170880377,0.19535326368592754,0.18998254739385534,0.1999927257073617,5.120595098141567,5.000181863930615,5.263641390842532,0.1996611791224063,0.19535326368592754,0.1996611791224063,0.9996761750818829,-8.165540197170692,0.9996742320250595,8.165540223750433,0.9893594873065893,0.9996742320250595,0.9996742320250595,model,target_only,4,,target_only,fcfs,proportional,queue-weighted
1687,0,1687,6,30000.0,330000.0,5.623333333333333,0.0,300000.0,43822.02736852546,51500.44721911261,136.01080737588322,167.44581414333334,184.48587564523203,203.2785930219297,0.19548664583048472,0.0,0.0,0.0,1.2116650184948061,187.14924518022045,257.33319367705406,0.1842997480096361,0.16686010865515108,0.20987200633187472,5.450625249877489,4.764808882699107,5.99304416172169,0.2030182001303099,0.1842997480096361,0.2030182001303099,0.9952398342967573,-10.160998421088252,0.995699903201569,10.1609984548978,0.9672971048472533,0.9956999032015689,0.995699903201569,model,target_only,5,,target_only,fcfs,proportional,queue-weighted
1768,637,1132,4,30000.0,330000.0,5.8933333333333335,2.1233333333333335,300000.0,27841.40518567663,36511.97026233784,160.74826407340697,262.64661719476095,120.2130974521618,142.76809770933696,0.14959809901348003,0.022368983907225443,0.03143490054161322,0.8516042780748663,1.3301824423198645,216.20083541867086,752.1627396775916,0.12038718729300783,0.0830254915495261,0.144664641982423,8.68264769161546,6.912539140846191,12.044493580667128,0.1426248838372572,0.12038718729300785,0.1426248838372572,0.9649599046783449,-8.551257380584788,0.9501106897659299,8.551257415796929,0.9681969363059908,0.9501106897659299,0.9501106897659299,model,oracle_gamma,1,,oracle_gamma,fcfs,square-root,queue-weighted
2101,584,1518,6,30000.0,330000.0,7.003333333333333,1.9466666666666668,300000.0,33017.1310096734,50841.30064678032,551.6814009785606,1260.1180598659612,139.53037203898197,198.51705341442823,0.19665920510163737,0.09561678421482991,0.09561678421482991,0.7148102815177478,1.5982544638464482,242.99283788029035,767.8190321464839,0.14130925252061607,0.09339556179983985,0.20613194148286523,7.58229776995448,4.851261734626049,10.707146900011631,0.19859883065148562,0.14130925252061607,0.19859883065148562,0.9319794299054572,-11.952243139224876,0.939412951221224,11.952243185566516,0.9849867826170314,0.939412951221224,0.939412951221224,model,oracle_gamma,2,,oracle_gamma,fcfs,square-root,queue-weighted
2119,1282,840,6,30000.0,330000.0,7.0633333333333335,4.273333333333333,300000.0,36534.68584979245,52840.361540725935,1137.6781300977939,2531.2988425433887,151.2886328720151,197.29044195365705,0.10629619721400863,0.046323077460206634,0.07391231678449728,0.8656313301823092,1.4760203737853543,472.02977049740383,1681.3862364803467,0.15541104502568384,0.10490352402368176,0.21064820571930132,6.82364712090352,4.747251449806067,9.532568226919164,0.2064076622684607,0.15541104502568384,0.2064076622684607,0.9458382152296039,-11.345265975356275,0.9441182117936222,11.345266017230623,0.9794664990960542,0.9441182117936225,0.9441182117936222,model,oracle_gamma,3,,oracle_gamma,fcfs,square-root,queue-weighted
1700,503,1198,4,30000.0,330000.0,5.666666666666667,1.6766666666666667,300000.0,25303.694504757786,28185.511741092454,327.0705666319991,843.1730651011542,107.31078809139436,110.93510724876296,0.1518920658249408,0.03168256326660617,0.04759178130421061,0.7774343122102009,1.1200037723727654,175.4737768575328,638.0770298226815,0.1084744767252234,0.09956924923367914,0.11261341711461782,9.24109800810316,8.87993656193028,10.043261425554181,0.11237308518092202,0.1084744767252234,0.11237308518092202,0.9977140320223167,-8.889715402658359,0.9974553239237952,8.88971544005665,0.9870619769579217,0.9974553239237952,0.9974553239237952,model,oracle_gamma,4,,oracle_gamma,fcfs,square-root,queue-weighted
1819,172,1649,4,30000.0,330000.0,6.0633333333333335,0.5733333333333334,300000.0,36913.47403773949,39600.187334444905,170.82374786582477,210.993840494116,144.08882466617123,154.52405087607744,0.22092200172521795,0.007365239075404904,0.011005808993309999,0.8113207547169812,1.0728099028346463,165.68027039491565,266.44308000980703,0.14419325795991988,0.130157164080803,0.15469195506139274,6.974647980070263,6.464460285624608,7.683019271833466,0.15468823177517543,0.14419325795991988,0.15468823177517543,0.9944393020608232,-7.757713906171742,0.994287120084749,7.757713934647107,1.0,0.994287120084749,0.994287120084749,model,oracle_gamma,5,,oracle_gamma,fcfs,square-root,queue-weighted
972,764,210,1,30000.0,330000.0,3.24,2.546666666666667,300000.0,14982.13770273824,14982.13770273824,259.6139680328488,259.6139680328488,57.735387194923106,57.735387194923106,0.02918422854427869,0.02690135630511872,0.047360286014498584,0.8863109048723898,1.0,410.46682172647894,870.265207159952,0.05852397540132125,0.05852397540132125,0.05852397540132125,17.087014221823075,17.087014221823075,17.087014221823075,0.05852397540132125,0.05852397540132125,0.05852397540132125,1.0,-2.8383187556970926,1.0,2.8383187728426305,1.0,1.0,1.0,controller,adaptive_queue,1,,adaptive_queue,fcfs,square-root,queue-weighted
1872,1574,302,6,30000.0,330000.0,6.24,5.246666666666667,300000.0,35729.594643422715,44629.107537097516,1499.6018844524103,2219.538503412956,149.0712382151621,167.8878981408496,0.04201340512294943,0.07466113246799082,0.09053619073306972,0.7428032090608778,1.2560117241783313,1010.9514210963417,1924.4422518147783,0.1549506653506152,0.126660560015106,0.17529996004796186,6.5316486520460275,5.704507860277898,7.89511746893221,0.17433245131678718,0.1549506653506152,0.17433245131678718,0.9888316126458104,-11.223192813215254,0.9874062243366816,11.223192853334849,0.9852773736150053,0.9874062243366816,0.9874062243366816,controller,adaptive_queue,2,,adaptive_queue,fcfs,square-root,queue-weighted
2130,1677,456,6,30000.0,330000.0,7.1,5.59,300000.0,32778.73757839867,48419.58878038415,1138.053809599284,2436.7981059215526,137.93061718577093,184.21896379629783,0.05961147707809384,0.06550704150395194,0.07263250180071061,0.8117134559535334,1.4985722301919582,839.7051541873483,1915.8255357538492,0.14246014119757788,0.06657419633584158,0.19188010107710096,7.989098636602076,5.211587832123257,15.020834723342047,0.18913901867337557,0.14246014119757786,0.18913901867337557,0.9175793942804475,-12.035258268779831,0.8484535575877201,12.035258317569184,0.9794664990960542,0.8484535575877201,0.8484535575877201,controller,adaptive_queue,3,,adaptive_queue,fcfs,square-root,queue-weighted
893,778,118,12,30000.0,330000.0,2.9766666666666666,2.5933333333333333,300000.0,21067.624563604593,24383.65905443307,704.6651379618515,1175.985844449662,84.58117431972582,93.12662319727163,0.01639942340164756,0.026286672695739727,0.03250137237933244,0.8311965811965812,1.1783147029358745,633.0102142041695,1260.8616781959286,0.08710960920060888,0.08062365452447734,0.09326742668591445,11.50587695006486,10.72185687472198,12.403307762443342,0.09271990216620293,0.08723764416032975,0.09524866818137918,0.9977415229864088,-14.650331710370235,0.9977289867162829,14.65033177992815,0.996732476354008,0.9977289867162829,0.9977289867162829,controller,adaptive_queue,4,,adaptive_queue,fcfs,square-root,queue-weighted
940,795,146,12,30000.0,330000.0,3.1333333333333333,2.65,300000.0,22861.195501760343,29601.793200594046,779.4348928986483,1234.1577381359489,91.7529063618415,114.18865842191266,0.021507543285842985,0.03010904085985386,0.036586000345442335,0.8412698412698413,1.315522900686367,651.1131106663764,1183.8870794886443,0.09489070865445264,0.08144762369843724,0.10307702940540299,10.603965319513199,9.70148252979808,12.277829046339475,0.10207574074054661,0.09471815014242023,0.11625886479660942,0.9942711775225223,-14.14832614274816,0.9933903748982745,14.148326206941295,0.9876254452342461,0.9933903748982745,0.9933903748982745,controller,adaptive_queue,5,,adaptive_queue,fcfs,square-root,queue-weighted
798,696,103,12,30000.0,330000.0,2.66,2.32,300000.0,20964.62937356699,27122.56080734793,805.3826867868606,1253.359679427814,88.57631641217561,104.06091330978603,0.015102830706940342,0.02325855242939118,0.039492377455519895,0.8613861386138614,1.304966214714302,748.1309378467677,1409.2796647718387,0.09170582254108606,0.08071550960886821,0.0989334338476687,10.946108505583588,10.107806442256267,12.389192669981359,0.09772711409337832,0.09174715519749711,0.10803910460278489,0.9964378091082954,-14.346211120753026,0.9959434942005748,14.34621118697991,0.979586335149297,0.9959434942005748,0.9959434942005748,controller,adaptive_ucb,1,,adaptive_ucb,fcfs,square-root,queue-weighted
1807,1538,273,6,30000.0,330000.0,6.023333333333333,5.126666666666667,300000.0,38515.54880452109,47277.30896658341,2195.945851732322,2632.6134742565064,159.78574691701948,193.2648414680694,0.03876404896999399,0.07503678051632184,0.08884233065178346,0.7186915887850467,1.2815202930521234,1198.7554440030167,2002.6912906053403,0.16888294883088947,0.14069457540105437,0.2084519919375683,6.035620335746593,4.797267661992414,7.1075945689410425,0.2045406124991071,0.16888294883088947,0.2045406124991071,0.980216413093553,-10.72979263753507,0.9823358820746537,10.72979267476209,0.9852773736150053,0.9823358820746537,0.9823358820746537,controller,adaptive_ucb,2,,adaptive_ucb,fcfs,square-root,queue-weighted
1766,1529,241,6,30000.0,330000.0,5.886666666666667,5.096666666666667,300000.0,28826.82351555674,36821.81611475735,1523.9157843183318,2265.5765803779514,120.09637652161491,140.6034825985738,0.03159537845213587,0.06156840082003262,0.06614458769599309,0.8072861668426611,1.2944058665449445,986.3300516492768,1642.8147274905132,0.12629819645197243,0.05343582233671853,0.14575628700153284,9.040503431066771,6.860767522086259,18.714037817152633,0.1453029221107892,0.1262981964519724,0.1453029221107892,0.9366982281117139,-12.731318219852714,0.8133305205148473,12.731318274853523,0.9794664990960542,0.8133305205148474,0.8133305205148473,controller,adaptive_ucb,3,,adaptive_ucb,fcfs,square-root,queue-weighted
974,848,129,12,30000.0,330000.0,3.2466666666666666,2.8266666666666667,300000.0,21219.82687192058,25063.707044341536,816.6170222175155,1188.2648472130459,84.67821177286261,95.73978583515921,0.017675030342458438,0.02914663088413054,0.03868189644469042,0.828125,1.2291337095675108,584.9839000380406,1308.8358504819303,0.08764960318498434,0.07931949983403762,0.09268438116842936,11.43760445082419,10.789304383257027,12.607240364504664,0.09231895878322896,0.08777746085360967,0.09830566329951529,0.9976220482283592,-14.61382668331441,0.9973881906489709,14.613826752465936,0.996732476354008,0.9973881906489708,0.9973881906489709,controller,adaptive_ucb,4,,adaptive_ucb,fcfs,square-root,queue-weighted
917,791,128,12,30000.0,330000.0,3.0566666666666666,2.6366666666666667,300000.0,21572.829478845462,25663.866849945807,792.0477073334126,1091.425251306092,86.327326722661,97.7120830922061,0.018770909861971934,0.030287694294583955,0.034584017152320845,0.798989898989899,1.2024159980233688,630.5935794541767,1208.9814019659696,0.0895908482279728,0.08171555613649288,0.09479012447909244,11.186219905874752,10.549622183696645,12.237571978702055,0.09413300033828108,0.08930552462458037,0.10072965417698115,0.9979097865302528,-14.481466315362937,0.9977347705422427,14.4814663830178,0.9901306569334418,0.9977347705422427,0.9977347705422427,controller,adaptive_ucb,5,,adaptive_ucb,fcfs,square-root,queue-weighted
1287,624,664,3,30000.0,330000.0,4.29,2.08,300000.0,34579.44742456079,35219.69926953049,301.3194750153186,345.33663042196423,136.2580496871579,140.00596973567002,0.09088211833382957,0.018704051226801528,0.030074815171852558,0.9468892261001517,1.0202915099957188,262.57682143667705,454.34578369607414,0.13691089531352088,0.13199329140374644,0.14092253271016497,7.309415353379947,7.096097272511399,7.57614261577249,0.14061196562181358,0.13691089531352085,0.14061196562181358,0.9992697125143942,-5.966378674846846,0.9992549939630249,5.966378697185824,0.9996520310945014,0.9992549939630249,0.9992549939630249,model,fixed_gamma_1,1,,fixed_gamma,fcfs,square-root,queue-weighted
2048,987,1063,6,30000.0,330000.0,6.826666666666667,3.29,300000.0,49120.18486305285,56159.750236106265,526.9309627990066,715.8741535097324,213.2072992090906,220.44245417637975,0.14626408491671705,0.03683187525639318,0.04226496867938689,0.9311320754716981,1.1610435641856105,418.2662583660365,598.4661340325481,0.2146053089867402,0.20316646629656562,0.22277607229240218,4.664529548681386,4.488812419169782,4.922072122573036,0.22255690229659858,0.21460530898674016,0.22255690229659858,0.9989824678781395,-9.236811371104869,0.9989551730365014,9.236811400379677,0.9852773736150053,0.9989551730365014,0.9989551730365014,model,fixed_gamma_1,2,,fixed_gamma,fcfs,square-root,queue-weighted
1949,951,1001,6,30000.0,330000.0,6.496666666666667,3.17,300000.0,42160.31867061674,47693.37162963548,396.15648306906587,614.2669467293617,181.4705750801054,186.95946830450723,0.13199386337383961,0.03215474402847676,0.03455579270113404,0.9557788944723619,1.1322822787674671,367.745709993357,535.1339080975667,0.18239628254248674,0.1644087514302303,0.18906876773514697,5.495022260846909,5.289080856552834,6.082401279133656,0.18861461310523714,0.18239628254248677,0.18861461310523714,0.9978963627055338,-10.216083289434891,0.9975671733904083,10.216083323499399,0.9794664990960542,0.9975671733904081,0.9975671733904083,model,fixed_gamma_1,3,,fixed_gamma,fcfs,square-root,queue-weighted
1427,692,738,4,30000.0,330000.0,4.756666666666667,2.3066666666666666,300000.0,26350.773461750912,28571.37325261085,272.42234532202474,392.51780569709587,112.19610941930232,114.09974877386028,0.09160921627112353,0.021971036503467104,0.026478730755306108,0.9414965986394558,1.0874793805950453,223.1772214135028,300.79537570765785,0.1128494797956413,0.11062495673149113,0.11463958864969317,8.86324578098887,8.722990127395894,9.039551558218458,0.11457307665542374,0.1128494797956413,0.11457307665542374,0.9997880536774517,-8.72722638118333,0.9997867606684335,8.72722641708771,0.9871952187620495,0.9997867606684335,0.9997867606684335,model,fixed_gamma_1,4,,fixed_gamma,fcfs,square-root,queue-weighted
1481,723,759,4,30000.0,330000.0,4.9366666666666665,2.41,300000.0,32234.131507465827,33746.64473764815,432.6273841622942,501.1793469925615,124.71178087570013,130.8844923374245,0.09902617631635319,0.02327464692837,0.02561868657639251,0.9601593625498008,1.0472321678777285,248.36373270247174,388.86726732695536,0.12591457620103838,0.11421023842502036,0.13186179460241887,7.968911972150193,7.583697787635419,8.755782439387039,0.13182283100643807,0.12591457620103838,0.13182283100643807,0.9967823873455391,-8.295286498192379,0.9964474191051899,8.295286530571685,1.0,0.9964474191051899,0.9964474191051899,model,fixed_gamma_1,5,,fixed_gamma,fcfs,square-root,queue-weighted
1049,686,365,12,30000.0,330000.0,3.4966666666666666,2.2866666666666666,300000.0,25691.788792535506,31831.060184080594,452.32717042625,591.0478919293064,110.66599959140439,126.02994902435688,0.0495306054285417,0.02073267610791506,0.03401885920653486,0.9462068965517242,1.2458135444301088,353.5670725044188,627.8327161930969,0.11256124894622595,0.10561296619859198,0.11741816570687069,8.8978338446088,8.516569765673704,9.468534366505956,0.11712533968662053,0.11227220584001679,0.12672937993417338,0.9984831095095709,-13.110166357347042,0.9984223780140454,13.110166411409411,0.979586335149297,0.9984223780140454,0.9984223780140454,model,fixed_gamma_2,1,,fixed_gamma,fcfs,square-root,queue-weighted
2024,1300,728,6,30000.0,330000.0,6.746666666666667,4.333333333333333,300000.0,45467.87990307217,50999.45120527752,760.7217645311151,1022.5434149482098,196.03937355417568,202.31386392655068,0.10076192152531196,0.050008879477165556,0.057664949776645005,0.8990318118948825,1.123908044714502,562.5163919010205,789.9970991729948,0.198489688688494,0.18886948077188181,0.2044717435075281,5.0418028793459175,4.890651308811199,5.294661667481411,0.20445692829350176,0.198489688688494,0.20445692829350176,0.9992663892452602,-9.704334014573728,0.9992433623725646,9.704334046015484,0.9852773736150053,0.9992433623725648,0.9992433623725646,model,fixed_gamma_2,2,,fixed_gamma,fcfs,square-root,queue-weighted
1919,1249,674,6,30000.0,330000.0,6.3966666666666665,4.163333333333333,300000.0,40107.91734144007,46551.211781977865,702.1202640665421,874.0736499677787,170.95329517914297,180.25146060837048,0.08980613393864284,0.04334286067588026,0.045940558088203395,0.9334828101644245,1.1648864574763627,502.28951201284804,791.0329727027662,0.17338890553863004,0.15015369938774734,0.18250456933056602,5.793077317303992,5.479314866844373,6.659842575158031,0.18184067102335102,0.17338890553863004,0.18184067102335102,0.9959841500809575,-10.52621721144164,0.9951352524473861,10.526217247240439,0.9794664990960542,0.9951352524473861,0.9951352524473861,model,fixed_gamma_2,3,,fixed_gamma,fcfs,square-root,queue-weighted
1202,788,417,12,30000.0,330000.0,4.006666666666667,2.6266666666666665,300000.0,25070.732820671386,27703.889746371995,461.43717373306384,591.9806413576259,102.05568836669231,106.85185618495017,0.053542134781212856,0.024606592523538997,0.030236096460594237,0.9471153846153846,1.113270018330903,291.07343183666154,421.14626092365506,0.10365456286939101,0.10152262078316743,0.10538873904452625,9.649575621183699,9.488679806459253,9.850021525112178,0.10527704147935034,0.10356832753120924,0.10821831932176561,0.9997787056768036,-13.600814851370616,0.999776386614907,13.600814909889998,0.996732476354008,0.9997763866149073,0.999776386614907,model,fixed_gamma_2,4,,fixed_gamma,fcfs,square-root,queue-weighted
1301,845,458,12,30000.0,330000.0,4.336666666666667,2.816666666666667,300000.0,27659.465693454244,32000.91297612527,432.5049673108869,589.2811067699089,113.08084006465748,125.06632916299037,0.06140661132056266,0.028333456818159585,0.031492730599065974,0.9255202628696605,1.1569837670867817,333.74163069892865,558.7779105134042,0.11469190899474609,0.10756208741113006,0.12006927069230569,8.732541235054942,8.32852564385637,9.296956056437821,0.11958152636915845,0.1144756678112852,0.12567102490848314,0.9984841296163453,-12.997654458193242,0.9984200828883497,12.99765451127664,0.9901306569334418,0.9984200828883497,0.9984200828883497,model,fixed_gamma_2,5,,fixed_gamma,fcfs,square-root,queue-weighted
952,738,216,12,30000.0,330000.0,3.1733333333333333,2.46,300000.0,24368.44402259235,31180.125490200542,558.9955767345075,856.4433309150137,104.30500946430546,122.30263952427298,0.030254143963878353,0.024394635930097164,0.03954707778628865,0.8611435239206534,1.304016969511022,524.2960702595133,1011.6203003486353,0.10650048233814184,0.09614871664040726,0.11208077736373136,9.414081833648643,8.922136547596732,10.400554837772448,0.11162586983056527,0.10632281474107173,0.12441429846713473,0.9975385860200203,-13.445300993725613,0.9972677365511664,13.445301050849107,0.9800077318164245,0.9972677365511664,0.9972677365511664,model,fixed_gamma_4,1,,fixed_gamma,fcfs,square-root,queue-weighted
1987,1521,468,6,30000.0,330000.0,6.623333333333333,5.07,300000.0,44768.78871269759,50110.37073411069,1548.7705835828904,2019.8597726140852,189.98076570551814,202.57400201067375,0.06457066749067356,0.0646538016887374,0.07383603924779354,0.823051948051948,1.1298328685916519,850.6035782614358,1187.7603170148875,0.19616278518441277,0.17732949800324793,0.21400824166308546,5.114485322036729,4.67271723849919,5.639219708283865,0.21099646882930637,0.19616278518441274,0.21099646882930637,0.9967873324313011,-9.782615517877362,0.9966958473204259,9.78261554974125,0.985562184431048,0.9966958473204259,0.9966958473204259,model,fixed_gamma_4,2,,fixed_gamma,fcfs,square-root,queue-weighted
1851,1445,408,6,30000.0,330000.0,6.17,4.816666666666666,300000.0,37497.518547858686,45283.94930703433,880.1071291946082,1045.6970885729006,159.13940641900086,174.40202453442419,0.05380066687008366,0.052677719534849406,0.0546027959033449,0.8925262507720816,1.2185257492212818,748.8609116983405,1060.825815274858,0.16233136074325813,0.12371719124519527,0.17848317141589226,6.254621516931253,5.602769113004227,8.08295104289992,0.1773791832566174,0.1623313607432581,0.1773791832566174,0.9875365459848655,-10.951537070035107,0.9821598278601538,10.951537108536826,0.9794664990960542,0.9821598278601539,0.9821598278601538,model,fixed_gamma_4,3,,fixed_gamma,fcfs,square-root,queue-weighted
1141,888,255,12,30000.0,330000.0,3.8033333333333332,2.96,300000.0,24072.474442009658,26781.196988262946,537.9135556541886,898.5942075585539,97.74935349165601,103.74999028854535,0.03391912245579685,0.03008089409656847,0.03747157019861427,0.8748768472906404,1.1209547970976153,429.9823764326023,669.5949737799467,0.09954184565714679,0.09569836763418288,0.10347189472062668,10.051974373704445,9.664460119339578,10.449499032445418,0.10294355310933821,0.09962367043981983,0.10461405073540214,0.9994076906183835,-13.844839348363593,0.9994091005518921,13.844839409272689,0.996732476354008,0.9994091005518921,0.9994091005518921,model,fixed_gamma_4,4,,fixed_gamma,fcfs,square-root,queue-weighted
1228,959,270,12,30000.0,330000.0,4.093333333333334,3.1966666666666668,300000.0,25553.031449825896,29586.933506402256,578.8071224328013,839.8867661226,103.81619566654707,114.03246438500133,0.03757907013253619,0.032976560424044475,0.035961872771526106,0.8954248366013072,1.161217234093743,475.30147953402883,901.2842258290925,0.10612356569323116,0.09753502717312579,0.10945433656733598,9.4374296176314,9.136230060512979,10.252726932909841,0.1093203828777737,0.10590642370393305,0.11557395900938382,0.9985550013685182,-13.463417074166907,0.9983809566112878,13.463417131428224,0.9901306569334418,0.9983809566112878,0.9983809566112878,model,fixed_gamma_4,5,,fixed_gamma,fcfs,square-root,queue-weighted
818,713,106,12,30000.0,330000.0,2.7266666666666666,2.3766666666666665,300000.0,21980.104586107813,29332.73569711944,776.8099875468753,1150.107825552652,92.81049949129037,114.34883558656664,0.01563293323619291,0.02404205901378494,0.04075128272188299,0.8569711538461539,1.3448986873181519,848.4764595198207,1622.361691899594,0.09595322480791536,0.0808791526942344,0.1042726257391439,10.487409175226267,9.590244735005271,12.36412557115335,0.10299046322764711,0.09590257189147455,0.11669330449081802,0.9943901575534406,-14.081538780398915,0.9930653529916136,14.081538843899091,0.979586335149297,0.9930653529916136,0.9930653529916136,model,fixed_gamma_8,1,,fixed_gamma,fcfs,square-root,queue-weighted
1924,1640,288,6,30000.0,330000.0,6.413333333333333,5.466666666666667,300000.0,39504.25910318823,48239.289573829854,1726.715430592377,2198.4126264461956,165.99975877017144,203.97896405021666,0.04206263410393149,0.07899150636593864,0.09392660399579406,0.7256637168141593,1.2747333894458295,1215.987796364928,2076.5314781940006,0.17304761146306116,0.12877841013290525,0.2190621377471289,5.940584787128241,4.564914824095869,7.765276795760671,0.21347374989643397,0.17304761146306122,0.21347374989643397,0.9736739184335096,-10.607298381911253,0.972356834451147,10.607298418593047,0.9852773736150053,0.9723568344511472,0.972356834451147,model,fixed_gamma_8,2,,fixed_gamma,fcfs,square-root,queue-weighted
1691,1465,229,5,30000.0,330000.0,5.636666666666667,4.883333333333334,300000.0,31634.773316858955,40892.1432841717,1821.7031150702867,3088.0807995430323,132.5737399299707,156.68479290334415,0.02997514945920557,0.05843284316446238,0.0627539083859688,0.8147942157953282,1.302040694859773,1041.0742033690265,1696.9722005329156,0.13978549285297232,0.06368637530212487,0.16253667818972437,8.179669191914076,6.152457470754563,15.701945592853287,0.16220884429491578,0.13978549285297232,0.16220884429491578,0.9306948297336894,-10.114688204546887,0.8253536344383837,10.11468824614416,0.9753942541771179,0.8253536344383836,0.8253536344383837,model,fixed_gamma_8,3,,fixed_gamma,fcfs,square-root,queue-weighted
1015,882,136,12,30000.0,330000.0,3.3833333333333333,2.94,300000.0,21968.326128872057,25452.27835315566,631.3507331842926,1124.241609943448,88.68924799605357,97.6760564779477,0.018631907345261423,0.03060347598537021,0.039243477466273054,0.8166666666666667,1.2170934326579363,641.6083328229598,1068.8187612549302,0.09077901130590675,0.08348477049914928,0.09556931268117537,11.038800147804222,10.463609834006618,11.978232604834078,0.09544314013549003,0.09101358102296377,0.10000191969178164,0.9979700040617809,-14.402174831457206,0.9978591243713995,14.402174898234682,0.996732476354008,0.9978591243713999,0.9978591243713995,model,fixed_gamma_8,4,,fixed_gamma,fcfs,square-root,queue-weighted
972,838,136,12,30000.0,330000.0,3.24,2.7933333333333334,300000.0,22743.89971784275,27947.94089222819,874.7217454860203,1148.923965085563,90.98020684388229,107.18026919169324,0.02005593434209004,0.03216674095723953,0.03765998229258645,0.7950664136622391,1.2310840030582284,697.0516735046224,1257.8546344832737,0.09440918749534284,0.0856644769035789,0.09978499173455295,10.617470541851498,10.021547154708296,11.673450141131042,0.0990676868509977,0.09423482654683653,0.10917164411026638,0.9977317687324462,-14.167740121810246,0.9975070831043475,14.167740186081524,0.9901306569334418,0.9975070831043475,0.9975070831043475,model,fixed_gamma_8,5,,fixed_gamma,fcfs,square-root,queue-weighted
905,787,119,12,30000.0,330000.0,3.0166666666666666,2.6233333333333335,300000.0,22645.82225476715,28779.949456902712,824.4240240901999,1190.1862054575988,95.768189453739,110.85831846835666,0.01706074382023265,0.026476067987440937,0.04334913776450011,0.8408119658119658,1.2770921466080403,814.9620127462406,1537.1593013663992,0.09905309362719457,0.08630479585937965,0.10735979756821601,10.140734574217177,9.314473598598244,11.586841612247664,0.10598512809748603,0.09901613724910141,0.11448823638045871,0.9958587663291221,-13.885664154884768,0.9952345429749742,13.885664216323493,0.979586335149297,0.9952345429749742,0.9952345429749742,scheduling,fcfs,1,,adaptive_ucb,fcfs,square-root,queue-weighted
1896,1614,286,6,30000.0,330000.0,6.32,5.38,300000.0,40627.761781014415,49163.18049629546,1856.9652450528386,2736.941648056665,170.64980052421333,203.43975898947497,0.04112642895275106,0.07824193432805165,0.09223172244526312,0.721824686940966,1.2580641523844165,1231.7131017626639,1964.3219448175641,0.178010138800209,0.14083202774200762,0.21734916027285028,5.7277113656346605,4.6008919415407235,7.100657542415817,0.2129262556424384,0.178010138800209,0.2129262556424384,0.981060948488239,-10.41358182851908,0.9808432975781307,10.413581863953409,0.9852773736150053,0.9808432975781307,0.9808432975781307,scheduling,fcfs,2,,adaptive_ucb,fcfs,square-root,queue-weighted
1777,1537,244,6,30000.0,330000.0,5.923333333333333,5.123333333333333,300000.0,28968.279213275193,38862.62094695985,1717.2307442122699,2573.458615198906,119.84058505918937,146.5276418725999,0.032071990026937176,0.0623362107539022,0.06742381817730274,0.8013555787278415,1.359075435367211,981.5780964471318,1734.174583329563,0.12673470733376524,0.04826804852402972,0.15378936204539417,9.337917343033274,6.502400339659572,20.717638905624305,0.1523589618879788,0.12673470733376527,0.1523589618879788,0.923948784353112,-12.789712981952922,0.769222022039188,12.789713038740834,0.9794664990960542,0.769222022039188,0.769222022039188,scheduling,fcfs,3,,adaptive_ucb,fcfs,square-root,queue-weighted
1024,890,137,12,30000.0,330000.0,3.4133333333333336,2.966666666666667,300000.0,22038.5968769347,25779.23688901152,672.9379732738589,1088.147227905028,88.7448152058543,99.31326868915487,0.01845996466775735,0.03109878515274947,0.04177220678756613,0.8180147058823529,1.2072373068634383,623.9809739212309,1088.466670117885,0.09104620214993825,0.08346452419658014,0.09533517720550669,11.007185118187044,10.489307612492052,11.981138209627197,0.09516308006353852,0.09122010354890513,0.10070014409770126,0.997926421722038,-14.38472641463845,0.9977615370899849,14.384726481227835,0.996732476354008,0.9977615370899849,0.9977615370899849,scheduling,fcfs,4,,adaptive_ucb,fcfs,square-root,queue-weighted
1043,900,145,12,30000.0,330000.0,3.4766666666666666,3.0,300000.0,23117.40665462421,28438.282190744652,681.9934051597411,1099.0885846653944,93.35420660196348,107.85906154895788,0.020502593089671183,0.034411501404920795,0.03973485081934419,0.7992895204262878,1.2325887348157485,683.0479918915762,1313.9873327183782,0.09601506120615849,0.08774180669187992,0.10176780591515143,10.436365360871282,9.826290259551696,11.3970755527256,0.10080016999888108,0.09581512131690628,0.1110870398075963,0.9980365783308431,-14.065558712047233,0.9978752639717895,14.065558775241517,0.9901306569334418,0.9978752639717895,0.9978752639717895,scheduling,fcfs,5,,adaptive_ucb,fcfs,square-root,queue-weighted
867,754,114,12,30000.0,330000.0,2.89,2.513333333333333,300000.0,21594.651620924455,26080.998155990288,796.2946752065577,1154.9824349542816,91.69140613948265,103.377525127808,0.01650511795266842,0.025456778556196397,0.04209025707071127,0.8415178571428571,1.216690446125091,746.6807908380898,1462.3495974376929,0.09461205450354977,0.08556368975245132,0.10231538309350763,10.599336717296538,9.773701370849428,11.687200527386688,0.10090138518327088,0.09489692748834905,0.10598286124879779,0.9972591287132339,-14.15620926607502,0.9971077886011064,14.156209330238715,0.979586335149297,0.9971077886011062,0.9971077886011064,scheduling,random,1,,adaptive_ucb,random,square-root,queue-weighted
1838,1565,277,6,30000.0,330000.0,6.126666666666667,5.216666666666667,300000.0,37713.77441910559,45402.20298844303,1621.3499758620758,2403.587086879583,158.663364628952,188.93070591543898,0.04021829944957669,0.07563322564508558,0.08928846031349272,0.7231977818853974,1.2472248338504952,1182.8242764848105,1925.270814532364,0.16506106572820825,0.13230875854661,0.19817248161831105,6.159029982591825,5.046109287393616,7.558078625971824,0.19456447452793643,0.16506106572820825,0.19456447452793643,0.9839780365634055,-10.857857065437567,0.9835485209410362,10.857857103382113,0.9852773736150053,0.9835485209410362,0.9835485209410362,scheduling,random,2,,adaptive_ucb,random,square-root,queue-weighted
1786,1545,245,6,30000.0,330000.0,5.953333333333333,5.15,300000.0,31124.43575662453,40164.55178847765,1567.9792215853547,2472.0335777850305,130.32290125659492,154.45597598177437,0.032455585366891075,0.06249745389878087,0.06742380281931563,0.8021806853582555,1.307412710074591,1051.7730528563757,1769.727606164741,0.1366911217445752,0.05501238587358608,0.15959780098932497,8.494144619527109,6.26575049155525,18.177724600018575,0.1594420460992998,0.1366911217445752,0.1594420460992998,0.9304114450429197,-12.294362484572318,0.7925422177178627,12.294362536357333,0.9794664990960542,0.7925422177178627,0.7925422177178627,scheduling,random,3,,adaptive_ucb,random,square-root,queue-weighted
1045,906,142,12,30000.0,330000.0,3.4833333333333334,3.02,300000.0,22512.80494981441,26544.74670727669,681.8134341437917,1113.3248292403816,90.62242799935342,102.20659590227423,0.02014907775990044,0.031723023643569416,0.0423337269604588,0.8162162162162162,1.2305332047870094,643.7129930099998,1166.4336779505911,0.09299778993003362,0.08467057008279724,0.0970239382569589,10.779651512883554,10.306734791073856,11.81047911951136,0.09688538247960093,0.09316660019807943,0.10442726077835568,0.9976370169294397,-14.258406383643223,0.9974124200415679,14.258406448879118,0.996732476354008,0.9974124200415679,0.9974124200415679,scheduling,random,4,,adaptive_ucb,random,square-root,queue-weighted
938,809,131,12,30000.0,330000.0,3.1266666666666665,2.6966666666666668,300000.0,22859.40235256895,28418.425693551653,757.0210663958418,1189.6799613487458,91.97715723616928,107.71603310403363,0.019316906170764318,0.03079752290819866,0.0351209225355276,0.7978303747534516,1.2477450320436554,727.0028489695494,1402.184006229967,0.09493493995066625,0.08672374309714197,0.1006811921799429,10.55567127402102,9.93234166529083,11.530867606577692,0.09975335373332384,0.09474455277205059,0.11100947536543615,0.9979828783503865,-14.133599525943772,0.9978222921488573,14.133599589847414,0.9901306569334418,0.9978222921488574,0.9978222921488573,scheduling,random,5,,adaptive_ucb,random,square-root,queue-weighted
869,755,115,12,30000.0,330000.0,2.8966666666666665,2.5166666666666666,300000.0,22506.840509647274,28011.5528855224,942.8326384101725,1254.506551454902,94.80842051752454,108.08985558192796,0.016495506073503443,0.025989168908744257,0.043687462121248244,0.8379578246392897,1.2600423656468187,805.375337668771,1523.9911949236048,0.09849022367769182,0.08741409468115009,0.10592447006451082,10.188109893318725,9.440689194772213,11.43980274173839,0.10475804009828019,0.09868950977799214,0.11144658419642503,0.9967775419251521,-13.916860611054538,0.996385598236945,13.91686067277414,0.979586335149297,0.996385598236945,0.996385598236945,scheduling,equal_tokens,1,,adaptive_ucb,equal_tokens,square-root,queue-weighted
1937,1652,289,6,30000.0,330000.0,6.456666666666667,5.506666666666667,300000.0,38312.21109133299,45542.656677411804,1546.180005876624,2158.6341600670803,161.76853953109955,192.72517481544304,0.04108558222341041,0.07926797358532738,0.09392689032927468,0.7283950617283951,1.2329355067574568,1197.8460354552499,1817.5674555701987,0.16795692421984956,0.13928870209262506,0.20167389567779828,6.04073541354042,4.958499941894499,7.179333176175436,0.19738480202875036,0.16795692421984953,0.19738480202875036,0.9854767099391276,-10.747983488255743,0.9859849226110253,10.747983525507896,0.9852773736150053,0.9859849226110253,0.9859849226110253,scheduling,equal_tokens,2,,adaptive_ucb,equal_tokens,square-root,queue-weighted
1813,1569,248,6,30000.0,330000.0,6.043333333333333,5.23,300000.0,30884.17921121995,39738.22968250129,1746.415467898927,2527.3275715233003,128.20599876281085,151.61130420906736,0.03277482804376632,0.0634536586942528,0.06742383513193152,0.8046153846153846,1.2985682797929226,1035.7372413429696,1807.5192022951314,0.13514663714877848,0.060625918594238444,0.15666099793410246,8.316101025509168,6.383209689629565,16.494595433561553,0.1562117668763273,0.13514663714877848,0.1562117668763273,0.9406186124661204,-12.292814875720545,0.8369590042642964,12.292814926428031,0.9794664990960542,0.8369590042642965,0.8369590042642964,scheduling,equal_tokens,3,,adaptive_ucb,equal_tokens,square-root,queue-weighted
1133,980,156,12,30000.0,330000.0,3.776666666666667,3.2666666666666666,300000.0,23704.80691511414,27222.59820609736,836.5197511202678,1390.0836257199135,95.07975574182491,107.04456833107136,0.02140451670701926,0.034895923013484875,0.0423340110467366,0.8006535947712419,1.2122501720844436,698.2283798855544,1186.596504038941,0.09799376893979567,0.09024702202029462,0.10438716165830242,10.226873881603938,9.579722104844347,11.08069803982143,0.10380538749471127,0.0982472491121945,0.11006457924057854,0.9978712730739572,-13.943576015241323,0.9978017180656266,13.94357607719053,0.996732476354008,0.9978017180656266,0.9978017180656266,scheduling,equal_tokens,4,,adaptive_ucb,equal_tokens,square-root,queue-weighted
969,836,135,12,30000.0,330000.0,3.23,2.7866666666666666,300000.0,22833.998044585984,28620.508084208446,764.1944164464356,1092.5717933760088,91.97713435395814,108.92308473417877,0.01985658038950836,0.03217424298873852,0.03404722432304667,0.7992351816443595,1.254590636352199,717.2238934274567,1395.2480143572363,0.09488525577126779,0.08836491697216103,0.09858944968613002,10.552559385463509,10.143073150155582,11.316708420775695,0.09815361717133778,0.09476508850677094,0.11179885970393924,0.9987662553096831,-14.134319209611508,0.9986727848336362,14.134319273496178,0.9901306569334418,0.9986727848336362,0.9986727848336362,scheduling,equal_tokens,5,,adaptive_ucb,equal_tokens,square-root,queue-weighted
845,734,112,12,30000.0,330000.0,2.816666666666667,2.4466666666666668,300000.0,21838.688375406127,28303.354979673546,738.2776578843495,1148.1677915607786,92.58137351047657,109.47082387325518,0.016320171925860147,0.025248150269939432,0.042010156571969076,0.8340909090909091,1.3107937391599909,783.7235392073752,1426.1815325495666,0.09545921045282689,0.08280692319385383,0.10293735483874272,10.523294061170683,9.7146463649329,12.07628494611454,0.10183509918023406,0.0954666358957366,0.11260547505355152,0.9958388589304041,-14.10757147395341,0.9951034983517709,14.10757153766593,0.979586335149297,0.9951034983517709,0.9951034983517709,scheduling,max_expected_accepted_tokens,1,,adaptive_ucb,max_expected_accepted_tokens,square-root,queue-weighted
1905,1624,285,6,30000.0,330000.0,6.35,5.413333333333333,300000.0,41979.866221367054,49336.158283441495,2145.3269548042495,2813.156945737557,175.31184582448248,205.19613119268368,0.04038551655675595,0.07809492609189804,0.09223157351247747,0.7262969588550984,1.2162908151891074,1285.8583226568555,2041.921269252057,0.18417861728751442,0.15894095111177456,0.22345365260559422,5.498960203834437,4.475200957063992,6.291644746084061,0.21745325284083258,0.18417861728751442,0.21745325284083258,0.986599050136193,-10.190088548032396,0.9882791896401963,10.19008858213123,0.9852773736150053,0.9882791896401963,0.9882791896401963,scheduling,max_expected_accepted_tokens,2,,adaptive_ucb,max_expected_accepted_tokens,square-root,queue-weighted
1775,1537,242,6,30000.0,330000.0,5.916666666666667,5.123333333333333,300000.0,30032.70600063475,38084.202761869536,1447.589998509345,1990.327143967208,126.4082734734261,150.27202204498025,0.032040496993189053,0.06190983820075288,0.06614456348396551,0.8080967402733964,1.2862321718239456,1020.8750337250085,1680.2022630176027,0.13223443158921086,0.05281181663665734,0.159325411529588,8.800013005401697,6.276462683507909,18.935156252623347,0.15762151649841424,0.13223443158921086,0.15762151649841424,0.9298531870136835,-12.497677982606687,0.7893290706945806,12.497678036200172,0.9794664990960542,0.7893290706945806,0.7893290706945806,scheduling,max_expected_accepted_tokens,3,,adaptive_ucb,max_expected_accepted_tokens,square-root,queue-weighted
1078,936,145,12,30000.0,330000.0,3.5933333333333333,3.12,300000.0,22438.04492677272,26758.52369973379,787.0215384207477,1212.2621647947833,89.80303789600778,102.80600631137351,0.01949483310027669,0.03302008750001412,0.041772252166356515,0.8125,1.2723620711764656,631.1782423881331,1179.5808514484365,0.09269634869973388,0.0847542475543227,0.09719256882561213,10.809394370175683,10.28885245120181,11.79881868881033,0.09696393890233403,0.09281972111146203,0.10454073152503963,0.9980996752686505,-14.276438046597397,0.9979257947210821,14.276438112009943,0.996732476354008,0.9979257947210821,0.9979257947210821,scheduling,max_expected_accepted_tokens,4,,adaptive_ucb,max_expected_accepted_tokens,square-root,queue-weighted
1052,907,147,12,30000.0,330000.0,3.506666666666667,3.0233333333333334,300000.0,23293.8178855013,27900.656810796925,790.0499730811615,928.4695779211052,93.67736800992071,106.70176708942297,0.021026619981663924,0.0345712504667504,0.039734854727054125,0.7942206654991243,1.2033729272409852,697.0898427019636,1382.1697618463395,0.09676234243804134,0.08788376918049581,0.1030256562079253,10.358766398663441,9.706320122647998,11.378665359085801,0.10195949872006943,0.09660563419968615,0.10936353297017598,0.9977635421363047,-14.019894488554732,0.9975703091309135,14.019894551287905,0.9901306569334418,0.9975703091309135,0.9975703091309135,scheduling,max_expected_accepted_tokens,5,,adaptive_ucb,max_expected_accepted_tokens,square-root,queue-weighted
852,740,113,12,30000.0,330000.0,2.84,2.466666666666667,300000.0,22441.792205579855,28843.728861089996,855.0446381331477,985.0179231246852,94.790937236986,111.59885313680418,0.016554761902273944,0.025466425495208705,0.04267963869367718,0.8333333333333334,1.3012157964503575,829.6573478932838,1566.1227194334076,0.09818542126767744,0.08660054453446553,0.10576385854996974,10.222667434676952,9.45502569318171,11.547271502455937,0.10458421901737819,0.09830008594364044,0.11475744037667755,0.996530195449497,-13.936278444740855,0.9960601903584244,13.936278506665971,0.979586335149297,0.9960601903584244,0.9960601903584244,scheduling,max_expected_accepted_per_cost,1,,adaptive_ucb,max_expected_accepted_per_cost,square-root,queue-weighted
1939,1653,290,6,30000.0,330000.0,6.463333333333333,5.51,300000.0,40434.35938742104,48346.94255095724,1852.8758667767604,2207.0100047778396,169.79167727472998,206.2429146377699,0.04062783119501546,0.07948019900475957,0.09267775603826628,0.726274165202109,1.232565077546823,1253.2957415665044,2164.042909961711,0.17723969986199659,0.13724957080733435,0.22134553456113346,5.765024303244604,4.517823239500727,7.285997283035306,0.214679052594593,0.17723969986199659,0.214679052594593,0.9789961639320015,-10.445994717726744,0.978628247965687,10.44599475338033,0.9852773736150053,0.978628247965687,0.978628247965687,scheduling,max_expected_accepted_per_cost,2,,adaptive_ucb,max_expected_accepted_per_cost,square-root,queue-weighted
1822,1577,249,6,30000.0,330000.0,6.073333333333333,5.256666666666667,300000.0,31053.82922580584,40123.897350772015,1939.6045747123092,2483.4773267866312,127.69760664287021,153.1245726956865,0.03280961788259447,0.06361475288145567,0.0674238352284318,0.8054136874361594,1.3090272979918878,1059.8507547961951,1868.1797552970659,0.13585935621528178,0.05748302132333248,0.15879027407718022,8.407254631094284,6.2976149251682045,17.396441192176827,0.15809662741971042,0.13585935621528175,0.15809662741971042,0.9362098051543356,-12.29482810022434,0.813362555750865,12.294828151483024,0.9794664990960542,0.813362555750865,0.813362555750865,scheduling,max_expected_accepted_per_cost,3,,adaptive_ucb,max_expected_accepted_per_cost,square-root,queue-weighted
1079,937,145,12,30000.0,330000.0,3.5966666666666667,3.1233333333333335,300000.0,22909.889671572993,26393.922507111856,741.0665792250533,1331.4791158538028,92.07675342740161,101.81172801703762,0.01958571226646503,0.03310309999308141,0.04275579219954661,0.8133680555555556,1.1846627385175437,665.5559510103434,1224.687368772177,0.09464711492640564,0.08700205476913793,0.09874938433223532,10.58846992833843,10.126645414168566,11.49398140829575,0.09866333110168901,0.09485361085424797,0.1031012597934057,0.9979188517605756,-14.152016160950634,0.9977587891177734,14.152016225049334,0.996732476354008,0.9977587891177736,0.9977587891177734,scheduling,max_expected_accepted_per_cost,4,,adaptive_ucb,max_expected_accepted_per_cost,square-root,queue-weighted
1010,871,141,12,30000.0,330000.0,3.3666666666666667,2.9033333333333333,300000.0,22666.673575226396,27263.355158669685,726.7255201492707,1032.2835062914578,91.17209227179664,104.46273045693606,0.02013342163991183,0.033282474685253784,0.03819690195212088,0.7961608775137111,1.2185610248565897,667.2251114556096,1341.0139322633622,0.0941820180852127,0.0862978453016611,0.10057121187999006,10.63932014347562,9.943203241831103,11.587774833826026,0.09923512280720284,0.09390124990568538,0.1070731971632445,0.9980288547476595,-14.181190003097559,0.9979139052331694,14.18119006749857,0.9901306569334418,0.9979139052331694,0.9979139052331694,scheduling,max_expected_accepted_per_cost,5,,adaptive_ucb,max_expected_accepted_per_cost,square-root,queue-weighted
830,722,109,12,30000.0,330000.0,2.7666666666666666,2.4066666666666667,300000.0,21828.63914095119,28792.234138910455,677.4636658471985,1072.410412217284,92.97620179632834,111.37669663401675,0.015701475750344494,0.024489519274883003,0.04008212955971848,0.8434579439252337,1.3265548906221325,817.1533816033726,1563.1776890204355,0.09544603401899217,0.08455030580419381,0.10090072615450645,10.511428831147642,9.910731449729392,11.827278334342802,0.10040794076762788,0.09556662021831826,0.11453880199136524,0.9969757336434824,-14.104729310133685,0.9964932185333787,14.104729373774934,0.979586335149297,0.9964932185333787,0.9964932185333787,network,equal,1,,adaptive_ucb,fcfs,equal,equal
1851,1576,279,6,30000.0,330000.0,6.17,5.253333333333333,300000.0,41634.28583902581,50573.59875075677,2169.6284018108745,2776.790222675274,173.69731725199674,205.3165452706097,0.03883385862379025,0.07638952068796868,0.08928604585942218,0.720292504570384,1.2622831035864872,1262.977830319271,1924.6849344264936,0.18232905465964885,0.15642582404657016,0.21580653069020841,5.557696811424993,4.633780065884596,6.392806341888191,0.2131774131978247,0.18232905465964885,0.2131774131978247,0.9864539751778911,-10.25190119977824,0.9874674498472886,10.251901234218396,0.9852773736150053,0.9874674498472886,0.9874674498472886,network,equal,2,,adaptive_ucb,fcfs,equal,equal
1811,1567,248,6,30000.0,330000.0,6.036666666666667,5.223333333333334,300000.0,28938.156303883337,37354.39144330843,1478.7700619167797,2291.7888479569465,120.86302862066333,143.42419439393575,0.03323862923930088,0.06314859213165687,0.0678697006105398,0.8035897435897436,1.3033350132579582,1003.0518449177267,1574.1312850759077,0.12702953861737826,0.04673714975043862,0.14732856378899475,9.397346832607838,6.787550046521927,21.39625555558435,0.1473009324753226,0.12702953861737826,0.1473009324753226,0.9249011289964613,-12.787822431083503,0.7537667258302184,12.78782248822976,0.9794664990960542,0.7537667258302184,0.7537667258302184,network,equal,3,,adaptive_ucb,fcfs,equal,equal
1033,898,138,12,30000.0,330000.0,3.4433333333333334,2.993333333333333,300000.0,22119.372493077408,25922.269436572078,722.3430963972532,993.4117113930477,88.79321329251108,99.52864144947385,0.01899963282747194,0.031129869947106165,0.04022722026587499,0.8193430656934306,1.2382927116031923,628.4400711877156,1184.9931874898184,0.09139689753617929,0.08357165947925707,0.09621515798394345,10.966905686876826,10.393372738283938,11.965778904368953,0.0961538111085549,0.09142547848064929,0.10213431951630152,0.9977397766002439,-14.362203747926829,0.9975926727036535,14.362203814276645,0.996732476354008,0.9975926727036535,0.9975926727036535,network,equal,4,,adaptive_ucb,fcfs,equal,equal
1023,882,143,12,30000.0,330000.0,3.41,2.94,300000.0,23182.9121725268,28785.42603035022,746.4566162733357,1110.4876381171312,93.35627490807225,110.22266097503902,0.020594915219116956,0.03378234002708102,0.037195898306514576,0.7945945945945946,1.2455761798095968,700.6028379424957,1348.964113241755,0.09628231867254795,0.08844345341977283,0.10230244798874018,10.40660457817078,9.774937156049912,11.30665935503187,0.10128256078134097,0.09614938106313525,0.11244307043105554,0.9980892603951328,-14.048676502119042,0.9979753825808602,14.048676565136363,0.9901306569334418,0.9979753825808602,0.9979753825808602,network,equal,5,,adaptive_ucb,fcfs,equal,equal
887,771,117,12,30000.0,330000.0,2.9566666666666666,2.57,300000.0,22342.607671522408,28651.78737889716,1051.9499752148674,1495.867667018116,93.57302798979192,109.32330079994814,0.01666206236152599,0.02671532650849398,0.04586739573315736,0.8380434782608696,1.319657012644984,778.6480146670832,1387.3712974287928,0.0978114126769369,0.08820344177902516,0.10435909134093231,10.250897873075823,9.582298840961395,11.337426066720683,0.10339599239624725,0.09797283269989647,0.11402788840564583,0.9974764727302017,-13.956112838651123,0.9972277226250842,13.956112900743378,0.979586335149297,0.9972277226250842,0.9972277226250842,network,proportional,1,,adaptive_ucb,fcfs,proportional,proportional
1928,1644,288,6,30000.0,330000.0,6.426666666666667,5.48,300000.0,40572.05955694269,48567.53252972027,1712.7464949809776,2511.714365099633,170.85319272502133,202.71064757728283,0.04092204693161572,0.0785746480131019,0.09267581575206159,0.7300177619893428,1.2344593627666036,1223.1093603966895,1869.0399831070235,0.1776555820310152,0.14866517303176352,0.20944546967780306,5.701008774594911,4.774512437716286,6.726524979635559,0.20599480419857902,0.1776555820310152,0.20599480419857902,0.9873543892409327,-10.405734760351475,0.9875082874992648,10.405734795623461,0.9852773736150053,0.9875082874992646,0.9875082874992648,network,proportional,2,,adaptive_ucb,fcfs,proportional,proportional
1748,1513,239,6,30000.0,330000.0,5.826666666666667,5.043333333333333,300000.0,29652.422039713114,38756.979615475706,1614.7776239853156,2377.0219293895498,122.54754967166161,147.48162461605864,0.03238083815512558,0.06106537605804708,0.06614358504227315,0.8056443024494143,1.3244216772651574,994.1628841677002,1589.5259006897743,0.12897595106948498,0.0567608275740389,0.1534074630187936,8.765638031626485,6.518587690075367,17.617784002454837,0.15240095484483357,0.12897595106948498,0.15240095484483357,0.9381204845979052,-12.586872814479737,0.8293759883930468,12.58687286784742,0.9794664990960542,0.8293759883930469,0.8293759883930468,network,proportional,3,,adaptive_ucb,fcfs,proportional,proportional
1008,878,133,12,30000.0,330000.0,3.36,2.9266666666666667,300000.0,22004.263667100764,25339.747398139993,710.4141791915096,839.0011861372642,88.38313320274852,97.37966700710584,0.018209332718203464,0.030067625804078697,0.038682094898297124,0.8314393939393939,1.2156024934564802,653.7445059275847,1247.6626770617193,0.09089370766008602,0.08158287041747612,0.0956077760511227,11.034218254367326,10.459400284191187,12.257475066552535,0.09560077138307874,0.09100087383931366,0.10040170717057974,0.9972242359430598,-14.397040428414844,0.996912924070137,14.397040495165513,0.996732476354008,0.996912924070137,0.996912924070137,network,proportional,4,,adaptive_ucb,fcfs,proportional,proportional
960,828,134,12,30000.0,330000.0,3.2,2.76,300000.0,22009.585931524718,26284.986652180527,751.7148471883388,1119.8653029059133,88.32302475548734,100.86577300575404,0.019525150447928658,0.03156064088379305,0.037660116934659656,0.7976878612716763,1.20000502702306,638.8480861598441,1259.083790536919,0.09140283924976504,0.0818600259320928,0.09795424287846612,10.97421989009019,10.208848239894223,12.21597463002947,0.09688716564527547,0.09120778432824021,0.10322624292209708,0.9970844378111536,-14.363932323425022,0.9967854113251499,14.36393238981876,0.9901306569334418,0.9967854113251499,0.9967854113251499,network,proportional,5,,adaptive_ucb,fcfs,proportional,proportional
858,746,113,12,30000.0,330000.0,2.86,2.486666666666667,300000.0,21871.128473862995,27262.98490076366,769.8185427029597,1042.820947736055,92.96967274439167,105.6600917413128,0.016149021151941268,0.02512705492667773,0.04075133394327726,0.8400900900900901,1.254686873456395,758.1947971340717,1397.8459653063762,0.0958577632491901,0.08790193948846325,0.10196984386704824,10.453815323814192,9.806820939177214,11.376313262476371,0.10115801095739921,0.09601409168246666,0.10856042900872866,0.9979841819857913,-14.075511595656,0.9978669901162323,14.075511658954039,0.979586335149297,0.9978669901162324,0.9978669901162323,network,queue-weighted,1,,adaptive_ucb,fcfs,queue-weighted,queue-weighted
1896,1616,284,6,30000.0,330000.0,6.32,5.386666666666667,300000.0,38774.45983662727,46097.43793098192,1784.8956021435417,2294.0958367158746,162.85601052419887,192.72222238552916,0.039484792011789976,0.07794962839576565,0.09224180287405224,0.725314183123878,1.2351656290430775,1206.3798654619034,1834.185406263214,0.17007787392413928,0.14286479899012308,0.20593809782182623,5.966413865937344,4.85582808900751,6.999624869588307,0.20122396406452717,0.17007787392413928,0.20122396406452717,0.985001890918048,-10.67352306783687,0.9861402162491746,10.673523104655821,0.9852773736150053,0.9861402162491746,0.9861402162491746,network,queue-weighted,2,,adaptive_ucb,fcfs,queue-weighted,queue-weighted
1720,1487,236,5,30000.0,330000.0,5.733333333333333,4.956666666666667,300000.0,29960.34272157812,39441.129854627914,1834.2831422869954,2640.9574194442757,124.88267698505236,150.10287435010488,0.031692503324787444,0.06002849259560956,0.06486852274241144,0.8055254604550379,1.3290717936317202,1008.6780375194435,1712.5215932178671,0.1325259833518769,0.055810147982400166,0.1555447126515191,8.858556854325451,6.429019559413701,17.91788834380715,0.15483051000671996,0.1325259833518769,0.15483051000671996,0.9224330803141434,-10.42967219121639,0.7926483308679864,10.429672236171806,0.9753942541771179,0.7926483308679864,0.7926483308679864,network,queue-weighted,3,,adaptive_ucb,fcfs,queue-weighted,queue-weighted
1050,912,141,12,30000.0,330000.0,3.5,3.04,300000.0,22310.99307218219,25992.227945259117,753.028532016739,1199.5650081538056,89.50596862973912,99.41040979857323,0.01888730195738996,0.031755913144776396,0.04078863119985967,0.8142857142857143,1.2195424658020126,633.867637694095,1180.3463908874546,0.09217516263280075,0.08427076200774078,0.09685431277608657,10.87287893004666,10.324785457017883,11.866511897781866,0.09666488114922164,0.09233242203145069,0.10174590091756544,0.9978803568389626,-14.310924249916388,0.997713239182606,14.310924315706714,0.996732476354008,0.997713239182606,0.997713239182606,network,queue-weighted,4,,adaptive_ucb,fcfs,queue-weighted,queue-weighted
968,835,135,12,30000.0,330000.0,3.2266666666666666,2.783333333333333,300000.0,22311.493773555554,27440.560459271957,722.111141108638,1010.2678106223997,89.69583805857417,103.63041124135756,0.019833238502033054,0.03204352340894048,0.037660333723807934,0.7982791586998088,1.2322308333831142,665.6494760624098,1201.3828937753788,0.09262662792295233,0.08481218403165965,0.09884886800982007,10.820241040996597,10.116453735217846,11.790758738469803,0.0978187881908071,0.0923567420713385,0.10718968929403108,0.9978232082816834,-14.281731632028132,0.9977041328420406,14.28173169750534,0.9901306569334418,0.9977041328420406,0.9977041328420406,network,queue-weighted,5,,adaptive_ucb,fcfs,queue-weighted,queue-weighted
1039,820,221,1,30000.0,330000.0,3.4633333333333334,2.7333333333333334,300000.0,15705.785861360178,15705.785861360178,301.47536826443684,301.47536826443684,60.4090607572382,60.4090607572382,0.030639892341569067,0.02848830183390073,0.04897394434583515,0.8855291576673866,1.0,434.8057135029474,1196.8551545626033,0.0613507260209382,0.0613507260209382,0.0613507260209382,16.29972560811608,16.29972560811608,16.29972560811608,0.0613507260209382,0.0613507260209382,0.0613507260209382,1.0,-2.7911482575133912,1.0,2.7911482738744673,1.0,1.0,1.0,learning,oracle_true_alpha,1,Approximated as full-history empirical alpha without UCB/discount; the greedy simulator has no latent stochastic alpha oracle.,adaptive_ucb,fcfs,square-root,queue-weighted
1960,1648,316,6,30000.0,330000.0,6.533333333333333,5.493333333333333,300000.0,40846.54759733367,51273.41551835541,1685.2847049864347,2103.0696292610883,170.66758007335292,194.2702804643759,0.04475632750894874,0.07805298723816492,0.09392547578222987,0.7426768814781433,1.2884892280982663,1170.3984837214668,1934.2827327942289,0.1773157152916447,0.15278781087281976,0.2055872522819045,5.69363365541654,4.864114816947814,6.545024726039159,0.2008977180828272,0.1773157152916447,0.2008977180828272,0.9905370244293528,-10.407547989400365,0.9905999016303216,10.40754802462606,0.9852773736150053,0.9905999016303216,0.9905999016303216,learning,oracle_true_alpha,2,Approximated as full-history empirical alpha without UCB/discount; the greedy simulator has no latent stochastic alpha oracle.,adaptive_ucb,fcfs,square-root,queue-weighted
2147,1692,458,6,30000.0,330000.0,7.156666666666666,5.64,300000.0,34039.58010533322,50034.84435708936,1486.5092829356024,2454.090450555119,141.86357136699255,186.59119179033033,0.060610713749192656,0.06588804283949937,0.07342929245417057,0.815421686746988,1.4954828225690988,911.5853107738053,2146.8963708760434,0.14795136810928694,0.07223319750069317,0.19885002865230728,7.608323289474593,5.028915543927416,13.844050029633587,0.1954486107698803,0.14795136810928697,0.1954486107698803,0.921870328699566,-11.782735167130744,0.8629520882902985,11.78273521366839,0.9794664990960542,0.8629520882902985,0.8629520882902985,learning,oracle_true_alpha,3,Approximated as full-history empirical alpha without UCB/discount; the greedy simulator has no latent stochastic alpha oracle.,adaptive_ucb,fcfs,square-root,queue-weighted
1118,968,153,12,30000.0,330000.0,3.7266666666666666,3.2266666666666666,300000.0,23310.52834665152,26809.755535574066,899.8014455302981,1479.836313708322,93.04804811367707,104.59993381712555,0.020287336114173136,0.034688715164528476,0.043878946520014464,0.7960526315789473,1.2050409318689104,666.6614190628824,1219.0169868925282,0.0963245909357573,0.08863079096154033,0.10105654831526656,10.403430624709161,9.89544979193526,11.282760642787574,0.10081849412016164,0.09646306475515802,0.10690106385922496,0.9979699280181649,-14.046431650851806,0.997830479032611,14.046431713850337,0.996732476354008,0.9978304790326108,0.997830479032611,learning,oracle_true_alpha,4,Approximated as full-history empirical alpha without UCB/discount; the greedy simulator has no latent stochastic alpha oracle.,adaptive_ucb,fcfs,square-root,queue-weighted
1197,1012,187,1,30000.0,330000.0,3.99,3.3733333333333335,300000.0,26078.715146015762,26078.715146015762,1564.0642814160274,1564.0642814160274,96.13588574352838,96.13588574352838,0.02623960509741058,0.03858257153228254,0.0462255524307377,0.8254486133768353,1.0,706.8981608906103,1252.5411827009223,0.10186998103912406,0.10186998103912406,0.10186998103912406,9.816434535468709,9.816434535468709,9.816434535468709,0.10186998103912406,0.10186998103912406,0.10186998103912406,1.0,-2.2840579646919075,1.0,2.284057974610212,1.0,1.0,1.0,learning,oracle_true_alpha,5,Approximated as full-history empirical alpha without UCB/discount; the greedy simulator has no latent stochastic alpha oracle.,adaptive_ucb,fcfs,square-root,queue-weighted
1042,823,221,1,30000.0,330000.0,3.473333333333333,2.743333333333333,300000.0,16695.716267967742,16695.716267967742,382.6190736323624,382.6190736323624,63.972930173864235,63.972930173864235,0.03044257213283951,0.028999317039086387,0.050587593714166476,0.8792735042735043,1.0,441.07271885817835,946.064489218872,0.065217641671749,0.065217641671749,0.065217641671749,15.333274469401434,15.333274469401434,15.333274469401434,0.065217641671749,0.065217641671749,0.065217641671749,1.0,-2.730025253528262,1.0,2.7300252689267537,1.0,1.0,1.0,learning,static_empirical_alpha,1,,adaptive_ucb,fcfs,square-root,queue-weighted
1907,1602,309,6,30000.0,330000.0,6.3566666666666665,5.34,300000.0,40041.6688975823,50133.23754414507,1216.7528234850652,2328.165225868628,169.3295176236141,193.63848190374404,0.04400534293924769,0.07633212796649701,0.09254391104639882,0.7406380027739251,1.2773411971110131,1116.8197291723466,1872.9819452684603,0.1738660469494372,0.1456215886138563,0.19979247376547107,5.820605324843959,5.005193544847253,6.867113657520195,0.1970465627017985,0.17386604694943722,0.1970465627017985,0.9885340137269585,-10.532308419628016,0.9879211949758347,10.532308455594846,0.9852773736150053,0.9879211949758347,0.9879211949758347,learning,static_empirical_alpha,2,,adaptive_ucb,fcfs,square-root,queue-weighted
2130,1678,455,6,30000.0,330000.0,7.1,5.593333333333334,300000.0,32968.23973910836,49056.690654817794,1394.0090986682615,2538.095419948202,137.5821944580244,185.86636673140478,0.0594835581483009,0.06540849450408352,0.07307934303163766,0.8118045476536042,1.5061207466140094,866.0507318112019,2037.1729821152283,0.1433147343832342,0.06201897887504242,0.19396152285318566,8.107531366208521,5.155661727593905,16.124096496571283,0.191627697870382,0.1433147343832342,0.191627697870382,0.9105528645729748,-12.045775775892317,0.8210408908379715,12.045775825397396,0.9794664990960542,0.8210408908379715,0.8210408908379715,learning,static_empirical_alpha,3,,adaptive_ucb,fcfs,square-root,queue-weighted
1031,894,140,12,30000.0,330000.0,3.4366666666666665,2.98,300000.0,22354.23000807196,25914.73045046517,817.1953317768542,1182.2779265069653,89.43362098260776,100.70270357191623,0.020087047184351833,0.03083117234409355,0.038681951705288216,0.8262476894639557,1.2342802605668777,640.8058197970689,1250.2585667896712,0.09237154254260645,0.08364027629005605,0.0981684996290899,10.857128589934106,10.186567012619125,11.955962418537462,0.09807990361521957,0.09249839737329076,0.10373835104334064,0.9972042931323325,-14.300190985755385,0.9970381126745307,14.300191051452387,0.996732476354008,0.9970381126745309,0.9970381126745307,learning,static_empirical_alpha,4,,adaptive_ucb,fcfs,square-root,queue-weighted
988,837,153,12,30000.0,330000.0,3.2933333333333334,2.79,300000.0,23659.74915501242,30845.24211995675,719.5241380730107,1122.979625278609,95.31392298720827,119.37635315595828,0.021770532293400417,0.031546862598331914,0.03812395916943483,0.8429003021148036,1.3062420714694896,694.4246243696872,1308.9818396445844,0.09811239909090935,0.08261682277139555,0.10586270856292541,10.271862094839227,9.446196999631784,12.10407234815898,0.10532668245429551,0.09794822865009738,0.12117382567609729,0.9929464927210919,-13.952472636513251,0.9916154051863264,13.952472698733096,0.9876254452342461,0.9916154051863264,0.9916154051863264,learning,static_empirical_alpha,5,,adaptive_ucb,fcfs,square-root,queue-weighted
952,747,207,1,30000.0,330000.0,3.1733333333333333,2.49,300000.0,16872.20160374338,16872.20160374338,374.88566305798304,374.88566305798304,64.6953566301388,64.6953566301388,0.028833366467151792,0.026781344652249506,0.04830443581731335,0.8850710900473934,1.0,415.5856763621013,1044.8693045449663,0.06590703751462257,0.06590703751462257,0.06590703751462257,15.172886503632233,15.172886503632233,15.172886503632233,0.06590703751462257,0.06590703751462257,0.06590703751462257,1.0,-2.7195100371888263,1.0,2.7195100524276197,1.0,1.0,1.0,learning,sliding_window_alpha,1,,adaptive_ucb,fcfs,square-root,queue-weighted
1844,1551,297,6,30000.0,330000.0,6.1466666666666665,5.17,300000.0,38827.99585223616,47877.45490424969,1535.70254180901,2553.2903033635284,162.39911400301935,184.47895953902295,0.04125746985586981,0.07358891240214756,0.08884116265301831,0.7453147525228255,1.2531858230149164,1111.8482383725823,1691.8025400461074,0.16861499974360272,0.15080731653067375,0.1900730231957201,5.9699019969031495,5.261135868661857,6.630978012241223,0.18702130821972535,0.1686149997436027,0.18702130821972535,0.9934162706844332,-10.700645173764375,0.9934990240488665,10.700645210595479,0.9852773736150053,0.9934990240488665,0.9934990240488665,learning,sliding_window_alpha,2,,adaptive_ucb,fcfs,square-root,queue-weighted
2169,1709,463,6,30000.0,330000.0,7.23,5.696666666666666,300000.0,33869.10804111123,50553.79211198198,1650.933658990108,3155.217556589987,139.91687193262632,189.54328541919085,0.060704375838395205,0.06676336256676725,0.0741505622662408,0.8095689246802463,1.5100231489065379,899.0241264900974,2088.056097765598,0.14684534988201983,0.06727778368080482,0.19977787958943172,7.816305720109021,5.005559184305709,14.86374766363346,0.1974757504374296,0.14684534988201983,0.1974757504374296,0.9122992108035372,-11.876419447460641,0.8408850281727434,11.876419495239547,0.9794664990960542,0.8408850281727434,0.8408850281727434,learning,sliding_window_alpha,3,,adaptive_ucb,fcfs,square-root,queue-weighted
1057,918,142,12,30000.0,330000.0,3.5233333333333334,3.06,300000.0,22143.75466287763,25622.649841843766,735.5424900939543,1148.6882655831662,88.94270771277847,102.18182908702707,0.019041969908090928,0.03196357168915867,0.0392435218567507,0.8138297872340425,1.2421663383169796,623.2268925457176,1041.8228052063437,0.0915567177508783,0.08527426908232567,0.09729468597740393,10.944084723446801,10.278053625993959,11.726866858683687,0.09699493324598671,0.09167457661432295,0.10430149960422987,0.9980032748451627,-14.350785648153341,0.9980002763928143,14.35078571436719,0.996732476354008,0.9980002763928143,0.9980002763928143,learning,sliding_window_alpha,4,,adaptive_ucb,fcfs,square-root,queue-weighted
1133,947,188,12,30000.0,330000.0,3.776666666666667,3.1566666666666667,300000.0,25069.871359527722,32009.261868814916,701.4283292207369,958.2434529834909,101.39514501512336,122.80976951681288,0.027689042685863873,0.03622026762567238,0.04377531088671802,0.8336267605633803,1.2860949023746975,660.8741265724416,1190.383744044749,0.10410652243411748,0.09079368232170987,0.11176339743515938,9.658494388895713,8.947473170544585,11.013982189385086,0.11101560052736166,0.10396137395197369,0.12503617917505827,0.9948712607518028,-13.590191306532567,0.9941919130425514,13.590191365108172,0.9876254452342461,0.9941919130425514,0.9941919130425514,learning,sliding_window_alpha,5,,adaptive_ucb,fcfs,square-root,queue-weighted
898,780,119,12,30000.0,330000.0,2.993333333333333,2.6,300000.0,22724.336175112698,28388.71673559479,807.6928685388053,1285.5680838421415,96.62723603183196,110.32531518840248,0.016949524282633018,0.02684673205439374,0.04460803031347519,0.8333333333333334,1.2555306704340423,791.6353561690973,1548.0377083245319,0.0996369710858765,0.09113007146617896,0.10719211347441324,10.05970742185488,9.329044531235034,10.973326190917444,0.10572618881113614,0.09978154129442639,0.11316797024436852,0.9977320819309262,-13.844234926664386,0.9976420688408606,13.84423498762045,0.979586335149297,0.9976420688408606,0.9976420688408606,learning,bernstein_censored_discounted,1,,adaptive_ucb,fcfs,square-root,queue-weighted
1847,1573,278,6,30000.0,330000.0,6.156666666666666,5.243333333333333,300000.0,37552.028641299374,45638.6067949421,1408.2264170036663,2130.0378304878705,159.08225132479146,194.31686256458644,0.03912733641220257,0.07632522324519586,0.0905374340233799,0.7215596330275229,1.262248516211175,1176.7451470813976,1849.1575786771941,0.1646491036391618,0.1384897967278663,0.20408704995255592,6.183019100282074,4.899869934091702,7.22074855785231,0.19935434257496348,0.1646491036391618,0.19935434257496348,0.9812654601879639,-10.878486722767827,0.9836661762135134,10.878486760853836,0.9852773736150053,0.9836661762135134,0.9836661762135134,learning,bernstein_censored_discounted,2,,adaptive_ucb,fcfs,square-root,queue-weighted
1729,1498,234,5,30000.0,330000.0,5.763333333333334,4.993333333333333,300000.0,28883.380784926558,37677.18749017563,1464.5916983113784,1933.081857230136,122.00867963455214,142.6744841576883,0.0315831150021404,0.05963516900233429,0.06403310204221084,0.8150163220892275,1.3161534086305937,973.4221496659695,1584.4357845822979,0.12779905496081878,0.05620784325572356,0.14849593778459563,9.050570616125354,6.734190947705075,17.79111138369771,0.14808753098876015,0.12779905496081878,0.14808753098876015,0.9270140158967622,-10.584150293018508,0.8108377610793156,10.584150338910359,0.9753942541771179,0.8108377610793156,0.8108377610793156,learning,bernstein_censored_discounted,3,,adaptive_ucb,fcfs,square-root,queue-weighted
1034,898,139,12,30000.0,330000.0,3.4466666666666668,2.993333333333333,300000.0,22064.660910992854,25732.272409656805,710.1411452060846,1025.0534929434127,88.67661738774234,99.48715974628044,0.019083064161241056,0.031517224318919644,0.04121066015660518,0.8134057971014492,1.2293756276558911,629.9237008354702,1117.1665149586106,0.09114008057649277,0.0832075753662721,0.09563479224351218,10.996208695185066,10.456445573214904,12.0181365169949,0.09532807256458953,0.09128875511974845,0.10174325803489084,0.9979057469340535,-14.378628745520668,0.9977153056593839,14.37862881204476,0.996732476354008,0.9977153056593839,0.9977153056593839,learning,bernstein_censored_discounted,4,,adaptive_ucb,fcfs,square-root,queue-weighted
1008,870,140,12,30000.0,330000.0,3.36,2.9,300000.0,22623.70733481647,27331.25162933739,783.250185765793,1167.7533073495947,90.90694327282442,103.8995256058488,0.020309716142558804,0.03302564390744992,0.03612204724712648,0.8011049723756906,1.2094836170763967,672.299216585501,1294.165787152153,0.09397609512319444,0.08620138950153693,0.09842457639090733,10.660090044235535,10.160064047706504,11.600741076014447,0.09788225818957824,0.09379191405849314,0.10676270167709918,0.9982912126566175,-14.193583020614026,0.9981277641131951,14.193583085138425,0.9901306569334418,0.9981277641131951,0.9981277641131951,learning,bernstein_censored_discounted,5,,adaptive_ucb,fcfs,square-root,queue-weighted
