label,sweep,m_easy,m_medium,m_hard,seed,verify_token_budget,Y,min_x,x_p10,x_median,x_max,eta,verifier_tokens_per_s,fill_ratio,mean_batch_size,target_utilization,mean_selected_gamma,share_easy_gsm8k,x_mean_easy_gsm8k,x_min_easy_gsm8k,alpha_hat_mean_easy_gsm8k,alpha_ucb_mean_easy_gsm8k,gamma_mean_easy_gsm8k,verification_opportunities_easy_gsm8k,verifier_token_positions_easy_gsm8k,verifier_token_share_easy_gsm8k,committed_useful_tokens_easy_gsm8k,committed_useful_token_share_easy_gsm8k,avg_wait_ms_easy_gsm8k,avg_z_queue_easy_gsm8k,share_medium_cnn_summarize,x_mean_medium_cnn_summarize,x_min_medium_cnn_summarize,alpha_hat_mean_medium_cnn_summarize,alpha_ucb_mean_medium_cnn_summarize,gamma_mean_medium_cnn_summarize,verification_opportunities_medium_cnn_summarize,verifier_token_positions_medium_cnn_summarize,verifier_token_share_medium_cnn_summarize,committed_useful_tokens_medium_cnn_summarize,committed_useful_token_share_medium_cnn_summarize,avg_wait_ms_medium_cnn_summarize,avg_z_queue_medium_cnn_summarize,share_hard_math,x_mean_hard_math,x_min_hard_math,alpha_hat_mean_hard_math,alpha_ucb_mean_hard_math,gamma_mean_hard_math,verification_opportunities_hard_math,verifier_token_positions_hard_math,verifier_token_share_hard_math,committed_useful_tokens_hard_math,committed_useful_token_share_hard_math,avg_wait_ms_hard_math,avg_z_queue_hard_math,sweep_label
mhard_1_wide10,a_wide10,1.0,1.0,1.0,1,10,40.95548619434776,1.443512066498318,1.4917294355130413,1.825914471500683,2.633390525712473,0.7501491201908739,46.52825151752633,0.720687802256851,1.8275120902740465,0.720687802256851,2.943546015877683,0.3479718091978837,2.0359078039465914,1.8202233170062707,0.8802270681014924,0.9998079620361264,2.876048462255359,1073,4159.0,0.3100954369221592,3360,0.3339628267567836,1219.702892013039,0.0,0.3518690350095422,1.601218600616864,1.443512066498318,0.7596413179617834,0.9769174179932282,3.3297697368421053,1216,5265.0,0.3925589024753951,3341,0.3320743464864327,1285.7913125047749,0.0,0.3001591557925741,2.45863283223397,2.3312693870994403,0.9085373047856168,0.9997783387378888,2.5863309352517985,1112,3988.0,0.2973456606024455,3360,0.3339628267567836,921.0900170731582,0.0,A_boost_hardmath_budget10
mhard_2_wide10,a_wide10,1.0,1.0,2.0,1,10,42.06581141682649,1.403570738481923,1.5297493398660529,1.842447993119556,2.7694585793952906,0.7660627283800243,46.1961960126964,0.7241455347298786,1.8439911797133408,0.7241455347298786,2.927055306427504,0.3483910445251431,2.0936217111865534,1.8340324660192728,0.8978252951188282,0.999993601944527,2.842843779232928,1069,4108.0,0.3127283800243605,3360,0.3338964523501938,1194.2166121475725,0.0,0.3498683406906608,1.6352772933568156,1.403570738481923,0.7554407216291613,0.9787296803403148,3.297142857142857,1225,5264.0,0.4007308160779537,3343,0.3322070952996124,1245.9383563667484,0.0,0.301740614784196,2.538592759661856,2.363264595046588,0.939258965941878,0.9999990000000004,2.581351094196004,1051,3764.0,0.2865408038976857,3360,0.3338964523501938,959.6497414551856,0.0,A_boost_hardmath_budget10
mhard_4_wide10,a_wide10,1.0,1.0,4.0,1,10,39.98595294023128,1.364987896355596,1.4584413717419111,1.7452242159993745,2.6443883897312905,0.7577988614800759,44.64989570091497,0.7110091743119266,1.799784133837021,0.7110091743119266,2.9505247376311843,0.3432314772474125,1.9606339566887283,1.5898520045647213,0.8871671054319498,0.999918762396122,2.899904671115348,1049,4091.0,0.3105123339658444,3293,0.3298277243589743,1295.880149485474,0.0,0.351792567422742,1.562973449520989,1.364987896355596,0.7421217976906525,0.9742584059844646,3.323817292006525,1226,5301.0,0.4023529411764706,3331,0.3336338141025641,1312.687404980807,0.0,0.3049759553298456,2.438950839544257,2.2773988547259854,0.9293135247346505,0.9999990000000002,2.568867924528302,1060,3783.0,0.287134724857685,3360,0.3365384615384615,1007.0414589640794,0.0,A_boost_hardmath_budget10
mhard_8_wide10,a_wide10,1.0,1.0,8.0,1,10,41.98192337571839,1.4279975020996485,1.5044533189739997,1.844904321584622,2.8116426568954305,0.7666181093306754,46.22020033676221,0.7234054353854686,1.8280643372157517,0.7234054353854686,2.957220873786408,0.3478128751218167,2.0859790674932026,1.7421322143002405,0.8936118498854106,0.9999990000000004,2.899029126213592,1030,4016.0,0.3079046231695162,3309,0.3309330933093309,1228.0961187090177,0.0,0.3480052507498467,1.6233255301475251,1.4279975020996485,0.7461731655091715,0.9743051714422456,3.3289689034369885,1222,5290.0,0.4055815379897263,3330,0.333033303330333,1251.5329423297417,0.0,0.3041818741283366,2.554028026387649,2.3813520375913675,0.9328228137392108,0.9999990000000004,2.5795019157088124,1044,3737.0,0.2865138388407575,3360,0.336033603360336,961.707133336608,0.0,A_boost_hardmath_budget10
mhard_16_wide10,a_wide10,1.0,1.0,16.0,1,10,41.52402834372272,1.4249091918997037,1.499033320583482,1.834411809148789,2.7681854998431006,0.7661179698216736,46.134016955218485,0.7201975850713502,1.826015367727772,0.7201975850713502,2.944093778178539,0.3481968702684357,2.065505244317438,1.8338554850412865,0.9023820742558673,0.9999990000000002,2.8669856459330143,1045,4041.0,0.3079561042524005,3360,0.3342285884810504,1250.7810928499384,0.0,0.3475178710215874,1.6033713251389523,1.4249091918997037,0.745576180058866,0.9775271306756738,3.331967213114754,1220,5285.0,0.4027587258039933,3333,0.3315428230378991,1276.442975203582,0.0,0.3042852587099767,2.5270299414500146,2.362601691350924,0.9301376196484776,0.9999990000000002,2.574387947269303,1062,3796.0,0.2892851699436061,3360,0.3342285884810504,961.214602688008,0.0,A_boost_hardmath_budget10
mhard_32_wide10,a_wide10,1.0,1.0,32.0,1,10,41.62071109655722,1.4401129902904255,1.524629383150624,1.8140361542281391,2.750555294873894,0.7575323892738777,47.10749314773486,0.726655719759168,1.8489326765188836,0.726655719759168,2.9301361752516284,0.3442187301682977,2.046661188908358,1.7698949746394166,0.8794889864097869,0.9994826049624416,2.853503184713376,1099,4235.0,0.3189966857487195,3360,0.3340956547678234,1185.3746281414835,0.0,0.351575107716301,1.6258673318890169,1.4401129902904255,0.758883653509255,0.9822463153715828,3.305532617671346,1211,5214.0,0.3927387767399819,3337,0.3318086904643532,1270.3350278342737,0.0,0.3042061621154012,2.532255357439513,2.3844708794273743,0.9266571348688252,0.999999,2.583333333333333,1068,3827.0,0.2882645375112986,3360,0.3340956547678234,938.422563776228,0.0,A_boost_hardmath_budget10
mhard_64_wide10,a_wide10,1.0,1.0,64.0,1,10,41.37435375622061,1.4248294013939724,1.5265509788134486,1.8407839818725056,2.7417981336522623,0.7659428571428571,46.069577420916985,0.715258855585831,1.817983651226158,0.715258855585831,2.934352517985612,0.3438150885499825,2.0321610143418987,1.7648604446386469,0.8982395788830666,0.9998331476021118,2.840593141797961,1079,4144.0,0.3157333333333333,3360,0.3342285884810504,1223.3348640798577,0.0,0.3508863388809505,1.6130772792317278,1.4248294013939724,0.7594795420575462,0.9809859761274502,3.3233830845771144,1206,5214.0,0.3972571428571428,3333,0.3315428230378991,1295.395178634531,0.0,0.3052985725690667,2.526306228548351,2.35876236395095,0.9309682282506448,0.9999990000000004,2.5842055185537585,1051,3767.0,0.2870095238095238,3360,0.3342285884810504,968.8062282758832,0.0,A_boost_hardmath_budget10
mhard_1_wide10,a_wide10,1.0,1.0,1.0,2,10,37.24483857891633,1.2889185648916166,1.3452348751179275,1.6722692359356046,2.354325216986496,0.7648535564853557,41.25821665514694,0.695134849286092,1.7646747752511898,0.695134849286092,2.9391669163919687,0.353406325690301,1.8803659361575988,1.6622598043848562,0.9022952698775144,0.9999990000000004,2.847195357833656,1034,3978.0,0.302624572080639,3360,0.3341953451362642,1423.9953218255623,0.0,0.3483147648387342,1.4414363545635398,1.2889185648916166,0.7748898775920054,0.985897660771981,3.3538331929233363,1187,5168.0,0.3931532902244199,3334,0.3316093097274716,1494.711740014084,0.0,0.2982789094709648,2.221869966948257,2.1092066635419355,0.9193391089479837,0.9996580421796104,2.583333333333333,1116,3999.0,0.304222137694941,3360,0.3341953451362642,1058.4587309177325,0.0,A_boost_hardmath_budget10
mhard_2_wide10,a_wide10,1.0,1.0,2.0,2,10,37.5796985401838,1.3239997107244992,1.348414257484085,1.6698488031524976,2.447354539252573,0.7738956441434508,41.75642694797336,0.7031385281385282,1.781926406926407,0.7031385281385282,2.945945945945946,0.3493534708991257,1.8755140171937168,1.657553697890292,0.8882840651161268,0.9999990000000002,2.846227316141356,1047,4027.0,0.3099122672002463,3360,0.3341288782816229,1405.2397559361734,0.0,0.3475439962695035,1.4511776232509672,1.3239997107244992,0.7868702445800343,0.9890207084026408,3.3706233988044407,1171,5118.0,0.3938740957364938,3336,0.3317422434367542,1507.855627460721,0.0,0.3031025328313708,2.278100362113816,2.159482754274134,0.9363360691814844,0.9999877552129868,2.5804651162790697,1075,3849.0,0.29621363706326,3360,0.3341288782816229,1079.4601313019964,0.0,A_boost_hardmath_budget10
mhard_4_wide10,a_wide10,1.0,1.0,4.0,2,10,37.56982857745226,1.269197599111623,1.3489969002717854,1.695626868625157,2.497537735027945,0.7727798780958259,41.69566606936907,0.7055525313010342,1.7898747958628198,0.7055525313010342,2.9419099756691,0.3472907976892503,1.8639508193873984,1.678557843394055,0.8938175834432208,0.9999990000000004,2.861271676300578,1038,4008.0,0.3092353985032019,3360,0.3354632587859425,1419.24038154988,0.0,0.3460254459532411,1.4444574097666378,1.269197599111623,0.773921184941954,0.9861064971335604,3.3620102214650767,1174,5121.0,0.3951084021294653,3296,0.329073482428115,1493.5270067382608,0.0,0.3066837563575085,2.3044112307681464,2.161830691969448,0.9278374016921842,0.999999,2.5613382899628254,1076,3832.0,0.2956561993673328,3360,0.3354632587859425,1065.6712474426702,0.0,A_boost_hardmath_budget10
mhard_8_wide10,a_wide10,1.0,1.0,8.0,2,10,37.16532623181142,1.2777716626208149,1.3173187929774577,1.681513620028478,2.465971010147576,0.7685709909633941,41.456051127615694,0.7046950890447921,1.7873718294657313,0.7046950890447921,2.9426328502415457,0.3498342911581708,1.8573865082811316,1.6788279615737105,0.8912704192871336,0.9999990000000004,2.875241779497099,1034,4007.0,0.3068616939807015,3360,0.3347947389398166,1442.0962083177665,0.0,0.3445469700108151,1.4228000602926767,1.2777716626208149,0.7648534499572267,0.9846695109135644,3.338320864505403,1203,5219.0,0.3996783580946546,3316,0.3304105221203667,1483.6778726967375,0.0,0.3056187388310138,2.2716840262418807,2.133440523645102,0.9325265477481676,0.999999,2.564651162790698,1075,3832.0,0.2934599479246439,3360,0.3347947389398166,1088.4492052784449,0.0,A_boost_hardmath_budget10
mhard_16_wide10,a_wide10,1.0,1.0,16.0,2,10,38.50957033741375,1.3004869015433702,1.3357851400745735,1.7083593140632831,2.5164917536213496,0.7693899448191294,43.00318932597252,0.7212824765063569,1.834162520729685,0.7212824765063569,2.932489451476793,0.3530201940208486,1.9420937131676173,1.6890919466129946,0.9027541252253488,0.9999990000000002,2.8302972195589646,1043,3995.0,0.3061771919068056,3360,0.3346946907062456,1357.2446351943736,0.0,0.3434481368253292,1.4695600202587464,1.3004869015433702,0.7622180966253895,0.985393331022816,3.326699834162521,1206,5218.0,0.3999080318822808,3319,0.3306106185875087,1427.698981441242,0.0,0.3035316691538219,2.3377748325823413,2.2147565318097437,0.937645552297806,0.9999919972679944,2.587464920486436,1069,3835.0,0.2939147762109135,3360,0.3346946907062456,1049.9723854489137,0.0,A_boost_hardmath_budget10
mhard_32_wide10,a_wide10,1.0,1.0,32.0,2,10,37.85712150102058,1.2933481914059963,1.3395376889366095,1.677518085733695,2.4963544350177576,0.7659948083676897,42.64196086723518,0.718880351262349,1.8309549945115255,0.718880351262349,2.926258992805755,0.353015926364876,1.909166688027207,1.6623615368192155,0.889536084588737,0.9999538896592388,2.828598484848485,1056,4043.0,0.3086730798595205,3360,0.3348948470048838,1361.634430005836,0.0,0.340883454376076,1.4338740388891904,1.2933481914059963,0.767536854363152,0.9817877750537986,3.327841845140033,1214,5254.0,0.4011299435028249,3313,0.3302103059902322,1444.2613647661708,0.0,0.306100619259048,2.3176176669654844,2.1877689496703345,0.9305063866175224,0.999984872329834,2.565666041275797,1066,3801.0,0.2901969766376546,3360,0.3348948470048838,1062.1792951206753,0.0,A_boost_hardmath_budget10
mhard_64_wide10,a_wide10,1.0,1.0,64.0,2,10,37.74289527621503,1.2958436594172715,1.3369607636022531,1.687826938904459,2.4687423674418625,0.7681769478034594,41.57671812536725,0.7093376764386536,1.8051031487513567,0.7093376764386536,2.929624060150376,0.3512581770137467,1.893928655706292,1.6648118590559615,0.8979172791515934,0.9999990000000002,2.840537944284342,1041,3998.0,0.3059849992346548,3360,0.3347613828833317,1403.9758278307502,0.0,0.3452024453107878,1.447659971384268,1.2958436594172715,0.7782437374380482,0.9867955640982662,3.3361344537815127,1190,5160.0,0.3949181080667381,3317,0.3304772342333366,1478.0659767625054,0.0,0.3035393776754654,2.2912909887625146,2.1383403168717887,0.9161021022475722,0.9995928900928606,2.5722120658135283,1094,3908.0,0.299096892698607,3360,0.3347613828833317,1054.2031218377674,0.0,A_boost_hardmath_budget10
mhard_1_wide10,a_wide10,1.0,1.0,1.0,3,10,38.468513135669646,1.337180698568939,1.3679654883776495,1.7385125992612174,2.481706982211592,0.7562457798784605,42.852637467874615,0.7063593004769476,1.7906730259671435,0.7063593004769476,2.944658182894347,0.3564401676998864,1.958817610463339,1.7118305159357452,0.8997208090449202,0.9999990000000004,2.869439071566731,1034,4001.0,0.3001725560807262,3360,0.3333333333333333,1356.5507645095254,0.0,0.3463715212983115,1.4804886018762191,1.337180698568939,0.7725879241659172,0.9794969638881784,3.3488182559087205,1227,5336.0,0.4003301072848675,3360,0.3333333333333333,1408.5961674175533,0.0,0.2971883110018021,2.2864784891080605,2.160475082782785,0.922759957275656,0.999868559854206,2.5706618962432914,1118,3992.0,0.2994973366344062,3360,0.3333333333333333,1016.721302438668,0.0,A_boost_hardmath_budget10
mhard_2_wide10,a_wide10,1.0,1.0,2.0,3,10,38.55381207239492,1.290988769194536,1.37979987025016,1.700504782716609,2.512172187983336,0.7668314948649677,42.96552199907547,0.7124661246612466,1.8065040650406503,0.7124661246612466,2.943894389438944,0.352782060442691,1.9430133229742537,1.654390624791094,0.8949307684907556,0.9999990000000002,2.84375,1056,4059.0,0.3087866108786611,3360,0.3333333333333333,1339.7490187809003,0.0,0.3462306794434197,1.4831680609954676,1.290988769194536,0.7818458387912356,0.9833766874374156,3.354063018242123,1206,5251.0,0.399467478128566,3360,0.3333333333333333,1433.684550830175,0.0,0.3009872601138891,2.3208412525231856,2.1964876974803134,0.9389287940692738,0.9999990000000004,2.580765639589169,1071,3835.0,0.2917459109927729,3360,0.3333333333333333,1059.1073634169124,0.0,A_boost_hardmath_budget10
mhard_4_wide10,a_wide10,1.0,1.0,4.0,3,10,38.19024822730077,1.3029052291007148,1.36996243794349,1.7020193111855213,2.47850299247859,0.7637162776598969,42.039218586020304,0.7037866666666667,1.7856,0.7037866666666667,2.941457586618877,0.3572588071263167,1.9491146465062008,1.6490233629199051,0.9016210147043904,0.9999737805893134,2.8482228626320847,1041,4006.0,0.3035768414671112,3360,0.333399484024608,1368.3694380343045,0.0,0.3438440843409048,1.4590545480520107,1.3029052291007148,0.7774430928744774,0.9797010971204496,3.362068965517241,1218,5313.0,0.4026220066686874,3358,0.3332010319507839,1448.920974715716,0.0,0.2988971085327785,2.282990953857854,2.140827136238682,0.9227372123965724,0.999999,2.5601469237832872,1089,3877.0,0.2938011518642012,3360,0.333399484024608,1065.9857322925686,0.0,A_boost_hardmath_budget10
mhard_8_wide10,a_wide10,1.0,1.0,8.0,3,10,37.59724012216398,1.3232491937939683,1.3794010376352803,1.6686643198032425,2.460654826620828,0.760667479427004,42.0928953721563,0.7113279132791328,1.8,0.7113279132791328,2.9518217404396268,0.3490875541692353,1.874961228251381,1.436445858235968,0.8838244598524524,0.9999990000000002,2.896722939424032,1007,3924.0,0.2989942090825968,3268,0.3273565060603025,1424.8814799306765,0.0,0.3482183586378669,1.4546721382948553,1.3232491937939683,0.7807411937916827,0.9814445837300496,3.338748984565394,1231,5341.0,0.4069643401402011,3355,0.3360713212461184,1434.0931890038416,0.0,0.3026940871928975,2.276092455950122,2.1553204579464365,0.9317043137633628,0.999999,2.5632502308402585,1083,3859.0,0.294041450777202,3360,0.3365721726935791,1067.7136910914007,0.0,A_boost_hardmath_budget10
mhard_16_wide10,a_wide10,1.0,1.0,16.0,3,10,37.90476813061797,1.2819213060143189,1.3424435856071968,1.675072107297928,2.494734509463707,0.7630741246020919,42.55724729052384,0.7116504854368932,1.807443365695793,0.7116504854368932,2.937332139659803,0.352851859073205,1.910681128946761,1.6443497453265636,0.8959883019117099,0.9999831440898864,2.8420056764427626,1057,4061.0,0.3077914203425799,3360,0.33373063170441,1375.6072583145576,0.0,0.3443488015759809,1.4502734977548597,1.2819213060143189,0.7670062169885999,0.978780487615174,3.340668296658517,1227,5326.0,0.4036683340912536,3348,0.33253873659118,1445.4712213520609,0.0,0.3027993393508141,2.295507749639383,2.167536014797031,0.937863636620844,0.9999990000000004,2.5679475164011247,1067,3807.0,0.2885402455661664,3360,0.33373063170441,1087.4740576835638,0.0,A_boost_hardmath_budget10
mhard_32_wide10,a_wide10,1.0,1.0,32.0,3,10,38.89534458081858,1.358672418018695,1.442275169434943,1.7105675055103111,2.524198145346084,0.7682629251181943,42.80102477096368,0.7065732758620689,1.793103448275862,0.7065732758620689,2.9405048076923075,0.3503666137334493,1.9468043101110104,1.65635277322495,0.8870606932611079,0.9999976706981244,2.8556603773584905,1060,4087.0,0.3116516699710233,3360,0.3334987593052109,1330.6706936735684,0.0,0.350391303855408,1.514287833508711,1.358672418018695,0.7820378265577572,0.98207046970806,3.344712739383847,1201,5218.0,0.3978953789842916,3355,0.3330024813895781,1418.4224370317472,0.0,0.2992420824111428,2.3278247816926223,2.1932506211748963,0.93702745944149,0.9999990000000004,2.5698219306466727,1067,3809.0,0.290452951044685,3360,0.3334987593052109,1060.10519610524,0.0,A_boost_hardmath_budget10
mhard_64_wide10,a_wide10,1.0,1.0,64.0,3,10,37.93423487380016,1.3385924481305955,1.3475295623226018,1.6772558953710983,2.4610490414845967,0.7618471770841206,42.67122336271621,0.7151891891891892,1.8135135135135132,0.7151891891891892,2.9436661698956783,0.3528863071326962,1.912353151217097,1.6402289116381394,0.8962139257393588,0.9999990000000004,2.8454976303317534,1055,4057.0,0.3066283727609402,3360,0.3333333333333333,1367.463980859692,0.0,0.3454160990564714,1.455899492311112,1.3385924481305955,0.7710574295891417,0.9781589771476722,3.3509771986970684,1228,5343.0,0.4038243519008389,3360,0.3333333333333333,1436.2649482656032,0.0,0.3016975938108325,2.288933476896095,2.167263404107421,0.9354487841848425,0.999999,2.5736940298507465,1072,3831.0,0.2895472753382208,3360,0.3333333333333333,1074.1405613233412,0.0,A_boost_hardmath_budget10
mmed_1_wide10,am_wide10,1.0,1.0,1.0,1,10,41.86019250081938,1.4641891703506231,1.561633400090383,1.869299307942076,2.724002809024138,0.7535569866706605,46.93828696713921,0.7198921832884098,1.821024258760108,0.7198921832884098,2.9532267613972767,0.3512082289832092,2.100234867586999,1.8636502927358352,0.8905861451978384,0.999980453660572,2.8803418803418803,1053,4086.0,0.3059757376067096,3360,0.3338964523501938,1216.6262282620787,0.0,0.3484476786847503,1.6206763229119232,1.4641891703506231,0.7570134945330611,0.9790073697535672,3.343137254901961,1224,5316.0,0.3980829713943388,3343,0.3322070952996124,1260.522120059279,0.0,0.3003440923320403,2.514492304300615,2.36202851893946,0.9099545374908806,0.9997794516262256,2.589464123524069,1101,3952.0,0.2959412909989516,3360,0.3338964523501938,915.512961272894,0.0,AM_boost_cnn_budget10
mmed_2_wide10,am_wide10,1.0,2.0,1.0,1,10,45.63490146376381,1.617220874095901,1.7796507934191523,2.0073681715378955,2.9074042899126358,0.7467527647888369,50.357689475018,0.7318305268875611,1.85605649103748,0.7318305268875611,2.942932396839333,0.3414510801841148,2.226012342699685,2.00160532393423,0.8694951848928828,0.9999614866689784,2.874538745387454,1084,4200.0,0.3117345802716544,3360,0.3339628267567836,1085.2845123170937,0.0,0.362971537265072,1.8404633708047156,1.617220874095901,0.7567945757670637,0.9785170885689116,3.323817292006525,1226,5301.0,0.3934535738142952,3341,0.3320743464864327,1058.1773059570055,0.0,0.2955773825508132,2.697728945524716,2.5117173107112074,0.9134164846915412,0.9998096812575492,2.588075880758808,1107,3972.0,0.2948118459140503,3360,0.3339628267567836,820.0208464254249,0.0,AM_boost_cnn_budget10
mmed_4_wide10,am_wide10,1.0,4.0,1.0,1,10,44.6342862188687,1.5553290858505378,1.709190523496793,1.9572764560505265,2.9046121237027367,0.7533158486324466,48.13384543666386,0.7151661307609861,1.8258306538049305,0.7151661307609861,2.916935720575286,0.3435322451193359,2.190473793438143,1.9086866524644013,0.8736437177979219,0.9996592984033176,2.833333333333333,1074,4117.0,0.3085050580741851,3360,0.3342285884810504,1113.1925717521297,0.0,0.3619130542873707,1.7948589834897193,1.5553290858505378,0.753316772184698,0.9774619205141164,3.3220757825370675,1214,5247.0,0.3931809666541776,3333,0.3315428230378991,1103.1281467933557,0.0,0.2945547005932932,2.629447762678845,2.423824963165089,0.891543345878963,0.9990950092893836,2.557640750670241,1119,3981.0,0.2983139752716373,3360,0.3342285884810504,837.6004185695355,0.0,AM_boost_cnn_budget10
mmed_8_wide10,am_wide10,1.0,8.0,1.0,1,10,45.32737494662119,1.611539273537555,1.732235610279922,1.993822849031964,2.957901170666742,0.7601450918159147,49.25946107292543,0.7199673558215451,1.840043525571273,0.7199673558215451,2.912773506800709,0.3411918384041718,2.20933291258184,1.9359021899747888,0.8777285997526328,0.999985120476242,2.835195530726257,1074,4119.0,0.3112672863296304,3360,0.3340292275574112,1108.5186415055844,0.0,0.3626478353822733,1.82643048977254,1.611539273537555,0.767897978171237,0.9810665670197616,3.316708229426434,1203,5193.0,0.3924280208569485,3339,0.3319415448851774,1095.7255972506714,0.0,0.2961603262135551,2.684834030119091,2.501500630318589,0.9055765808457356,0.9999990000000002,2.54841628959276,1105,3921.0,0.296304692813421,3360,0.3340292275574112,831.4349417158464,0.0,AM_boost_cnn_budget10
mmed_16_wide10,am_wide10,1.0,16.0,1.0,1,10,45.22782125480575,1.5830492745225062,1.7496607598586775,2.0042535743612047,2.92368248581994,0.749088202456271,49.5578345767072,0.7234787291330103,1.8449111470113089,0.7234787291330103,2.92148277875073,0.3433393828014264,2.2183560335826056,1.9204161989805035,0.8674274866650415,0.9990206597308008,2.8376146788990826,1090,4183.0,0.31135094901377,3360,0.3338632750397456,1087.8723035642245,0.0,0.3623813494007093,1.8210798774189545,1.5830492745225062,0.7567060761306228,0.9801659399154248,3.323190789473684,1216,5257.0,0.3912914030517305,3344,0.3322734499205087,1074.2223100159397,0.0,0.2942792677978642,2.661922024591383,2.4788139066280044,0.9113925533424052,0.999951853888816,2.5669642857142856,1120,3995.0,0.2973576479344994,3360,0.3338632750397456,821.4457406488413,0.0,AM_boost_cnn_budget10
mmed_32_wide10,am_wide10,1.0,32.0,1.0,1,10,45.78880265583831,1.6035398352260322,1.7375780697206331,2.0223588562321275,3.002414847146333,0.7546872656367182,48.52584504988643,0.7126670229823624,1.81560662747194,0.7126670229823624,2.925228142478657,0.3436684178056938,2.2480236231355866,1.9708649995669216,0.8749733515596303,0.9999429152204474,2.8666666666666667,1065,4118.0,0.3088345582720864,3360,0.3338964523501938,1095.341329624033,0.0,0.3613244528150381,1.8382904516307268,1.6035398352260322,0.754663380028056,0.9786495998674988,3.3243021346469623,1218,5267.0,0.3950052497375131,3343,0.3322070952996124,1065.1568906026894,0.0,0.295007129379268,2.701604645842533,2.445580311498701,0.9001869048349442,0.9995367741945812,2.544883303411131,1114,3949.0,0.2961601919904005,3360,0.3338964523501938,823.2366695566162,0.0,AM_boost_cnn_budget10
mmed_64_wide10,am_wide10,1.0,64.0,1.0,1,10,46.28051800010049,1.6282975252325833,1.7637381284145226,2.033838001153103,3.0144428195015665,0.7421782762691853,51.06003251536364,0.7361216730038023,1.875067897881586,0.7361216730038023,2.925840092699884,0.3415677181714198,2.2582758470122357,1.9759858389006209,0.868002670265207,0.9994786233184172,2.841011743450768,1107,4252.0,0.313754427390791,3360,0.3340624378604096,1045.760897102974,0.0,0.3624882937986317,1.8640162228859212,1.6282975252325833,0.7459131395852014,0.9755472914115766,3.322528363047001,1234,5334.0,0.393595041322314,3338,0.3318751242791807,1027.4744668809417,0.0,0.2959439880299485,2.739288213008311,2.531902438778362,0.8978674505621972,0.9996380320873134,2.56975697569757,1111,3966.0,0.2926505312868949,3360,0.3340624378604096,797.3743918436255,0.0,AM_boost_cnn_budget10
mmed_1_wide10,am_wide10,1.0,1.0,1.0,2,10,37.168285043146845,1.292906985712478,1.3773350232070614,1.6683476704888762,2.4011872770304863,0.7630255941499086,41.50824216276588,0.7050483351235229,1.7900107411385606,0.7050483351235229,2.938793879387939,0.3514675626505572,1.8662066502879973,1.655572133217006,0.8860408458204554,0.9999990000000004,2.861111111111111,1044,4031.0,0.3070536258379037,3360,0.3354297693920335,1415.0412426104108,0.0,0.3471322661764779,1.433590112991206,1.292906985712478,0.7780612033063011,0.9863701997090248,3.360780984719864,1178,5137.0,0.3913010359536867,3297,0.3291404612159329,1494.3776726619024,0.0,0.3014001711729651,2.240505494842004,2.1247363447119643,0.9280767371108912,0.9998700371786512,2.5643564356435644,1111,3960.0,0.3016453382084095,3360,0.3354297693920335,1056.484142444355,0.0,AM_boost_cnn_budget10
mmed_2_wide10,am_wide10,1.0,2.0,1.0,2,10,41.10616356850571,1.476641295322361,1.546883447945144,1.824321052462576,2.654735464444247,0.7588239740004534,45.14641697789501,0.7222161572052401,1.8384279475982528,0.7222161572052401,2.928444180522565,0.3435350451876778,2.0173439655712406,1.7945781939200485,0.8793580274504692,0.9999703593994932,2.843045112781955,1064,4089.0,0.3090469352278739,3360,0.3346613545816733,1237.5100119864417,0.0,0.3599561310509301,1.6440461778295568,1.476641295322361,0.7827434723908601,0.9882528067907488,3.355498721227621,1173,5109.0,0.3861386138613861,3320,0.3306772908366533,1253.5378672962993,0.0,0.2965088237613918,2.437668041808201,2.292978022004795,0.8995743574813938,0.9996615528133606,2.565870910698497,1131,4033.0,0.3048144509107399,3360,0.3346613545816733,908.0485395333196,0.0,AM_boost_cnn_budget10
mmed_4_wide10,am_wide10,1.0,4.0,1.0,2,10,42.48673925890444,1.456443938457506,1.566680118911662,1.893928210329613,2.769065054740244,0.7731377846391355,45.43270365025943,0.7133810572687225,1.8144273127753303,0.7133810572687225,2.9317147192716235,0.3467448741278372,2.1045798652044376,1.8663051347933568,0.8922336842213745,0.9999990000000002,2.866149369544132,1031,3986.0,0.3076804322655345,3360,0.3354632587859425,1240.6352754871982,0.0,0.356525425112507,1.6830669751027942,1.456443938457506,0.7941821149627846,0.9896559437211104,3.374019180470793,1147,5017.0,0.3872636047857969,3296,0.329073482428115,1247.557380497765,0.0,0.2967297007596557,2.5214154853096464,2.356679031491651,0.9119372700095004,0.9999719722619544,2.5380483437779766,1117,3952.0,0.3050559629486685,3360,0.3354632587859425,891.9681427872592,0.0,AM_boost_cnn_budget10
mmed_8_wide10,am_wide10,1.0,8.0,1.0,2,10,42.29618668365409,1.497754649334682,1.6558828264523149,1.857743287612854,2.72263966613556,0.7596881622767181,45.82849057346501,0.7184339314845025,1.8330614464382815,0.7184339314845025,2.919311776920795,0.3435181543249975,2.0756439977934846,1.8013725212110674,0.8650883170496332,0.9997478837646342,2.8205365402405183,1081,4130.0,0.3125946109597335,3360,0.3347613828833317,1185.1814179513651,0.0,0.361863891468602,1.7006069675143924,1.497754649334682,0.7883581491725242,0.9892549297486144,3.373920552677029,1158,5065.0,0.383363608840448,3317,0.3304772342333366,1221.280691059665,0.0,0.2946179542064003,2.4922431982940325,2.330967731257076,0.9065742059510682,0.9999071818175568,2.5485865724381624,1132,4017.0,0.3040417801998183,3360,0.3347613828833317,879.8697098934609,0.0,AM_boost_cnn_budget10
mmed_16_wide10,am_wide10,1.0,16.0,1.0,2,10,41.70485739856689,1.4747896272977326,1.565142631084537,1.865631006324332,2.701420710315001,0.7580267432197628,44.92381666515029,0.7074826296098343,1.8059861036878675,0.7074826296098343,2.9174311926605503,0.3478416762146914,2.0723839291160258,1.835266906648012,0.8972897415431181,0.9999990000000004,2.841650671785029,1042,4003.0,0.3024099116113923,3360,0.3348614709986047,1244.183070763236,0.0,0.3578637029507665,1.6582949666316464,1.4747896272977326,0.7795093920080611,0.987255981691441,3.3395113732097723,1187,5151.0,0.3891365112940999,3314,0.3302770580027905,1225.6540287159346,0.0,0.2942946208345424,2.454703039013981,2.280637969251416,0.8810014034574343,0.99807822332649,2.550434782608696,1150,4083.0,0.3084535770945078,3360,0.3348614709986047,886.8288804239644,0.0,AM_boost_cnn_budget10
mmed_32_wide10,am_wide10,1.0,32.0,1.0,2,10,42.35685399497953,1.5312514560288129,1.6482524635017144,1.874164431717636,2.716181824247284,0.755594063135689,46.05558035257422,0.7369794558578567,1.8789561354802888,0.7369794558578567,2.9222813238770686,0.3445304261288751,2.084746422338406,1.8205422534363356,0.8751751578440944,0.999757234906514,2.820964749536178,1078,4119.0,0.3103292398101409,3360,0.3350284175889919,1174.978076340167,0.0,0.3614739533505478,1.7012110516730217,1.5312514560288129,0.7869464753524114,0.9886151229545208,3.367786391042205,1161,5071.0,0.3820537934152038,3309,0.3299431648220161,1205.9239649731885,0.0,0.293995620520577,2.4905459147106974,2.3317524295132883,0.900152348741139,0.9989204408374526,2.565938864628821,1145,4083.0,0.3076169667746553,3360,0.3350284175889919,860.0560073065037,0.0,AM_boost_cnn_budget10
mmed_64_wide10,am_wide10,1.0,64.0,1.0,2,10,41.70786295546704,1.4994675201019825,1.5713982855897533,1.8562225974231985,2.7135691452042154,0.7576100913966312,45.2275317312958,0.7121570736955352,1.8111888111888117,0.7121570736955352,2.931986931986932,0.34484127593578,2.054656096873987,1.8296286556934656,0.877582189503069,0.9999990000000002,2.853889943074004,1054,4062.0,0.3068207568547473,3360,0.3349950149551346,1242.633369528362,0.0,0.3596368757057259,1.6666317250740834,1.4994675201019825,0.7803908135026305,0.9881590680504084,3.366124893071001,1169,5104.0,0.3855276078253644,3310,0.3300099700897308,1242.4705292428114,0.0,0.2955218483584939,2.465116950336476,2.295709745708194,0.8932069261790123,0.9988367917220128,2.560314685314685,1144,4073.0,0.3076516353198882,3360,0.3349950149551346,889.1362301712568,0.0,AM_boost_cnn_budget10
mmed_1_wide10,am_wide10,1.0,1.0,1.0,3,10,38.3906309682123,1.3579487928467957,1.3775657207139873,1.707113488991176,2.509769864775781,0.7665271966527196,41.95133763481033,0.7036937901498929,1.7869379014989293,0.7036937901498929,2.937986818454164,0.3512799827916549,1.9265514551249128,1.697007783040254,0.901533336592142,0.9999990000000004,2.859073359073359,1036,3998.0,0.304146063141879,3360,0.333465660976578,1378.74785146185,0.0,0.3494666645563838,1.4906939727417965,1.3579487928467957,0.7836959161973084,0.9837507581784964,3.353628023352794,1199,5220.0,0.3971091669836439,3356,0.333068678046844,1437.5656291872886,0.0,0.2992533526519613,2.2977050055323485,2.1446404633391056,0.920626543139404,0.9997730496929864,2.5602901178603807,1103,3927.0,0.298744769874477,3360,0.333465660976578,1031.6126146722763,0.0,AM_boost_cnn_budget10
mmed_2_wide10,am_wide10,1.0,2.0,1.0,3,10,41.119479934058624,1.401019495756085,1.4985836761686293,1.8088435406873065,2.6594494859991897,0.755379984951091,45.161211756006,0.7046659597030753,1.7879109225874867,0.7046659597030753,2.9412811387900355,0.3492887008689301,2.0517956752247684,1.7124759944381758,0.8875153238648317,0.9998101671111116,2.8400383141762453,1044,4009.0,0.301655379984951,3331,0.3318059567686025,1248.9533551135537,0.0,0.3547656063781487,1.6208641369733807,1.401019495756085,0.7727278514282635,0.976677005913262,3.356677524429968,1228,5350.0,0.4025583145221971,3348,0.3334993525251519,1240.1627410215608,0.0,0.2959456927529214,2.4338265949449656,2.283546598949288,0.9150935015801142,0.999999,2.573636363636364,1100,3931.0,0.2957863054928518,3360,0.3346946907062456,951.8500443491744,0.0,AM_boost_cnn_budget10
mmed_4_wide10,am_wide10,1.0,4.0,1.0,3,10,42.473584059938965,1.507342829605535,1.537594197509529,1.8458331108049455,2.6952199260867067,0.7629287499053532,45.25247790237115,0.7162147505422992,1.8253796095444683,0.7162147505422992,2.923648247177659,0.3514631017517155,2.1325567994597674,1.8312781688225597,0.8903725971142755,0.9999990000000004,2.8294797687861277,1038,3975.0,0.3009767547512683,3360,0.333465660976578,1202.367507135245,0.0,0.3562474485332436,1.6812339946017223,1.507342829605535,0.7769424879222737,0.9815343829387748,3.3248145094806265,1213,5246.0,0.3972135988490952,3356,0.333068678046844,1188.2778803848294,0.0,0.292289449715041,2.48291610246102,2.302541466676263,0.916865905800212,0.9995275741741972,2.574887892376682,1115,3986.0,0.3018096463996365,3360,0.333465660976578,905.1428547392052,0.0,AM_boost_cnn_budget10
mmed_8_wide10,am_wide10,1.0,8.0,1.0,3,10,41.175467201430806,1.4330881006492384,1.506013090112413,1.8165491529883748,2.6400235612124616,0.7474590103123377,44.455250851526806,0.7005717255717255,1.787422037422037,0.7005717255717255,2.9194533294562373,0.3505655655491167,2.0621001351740995,1.7558875728051029,0.8862729547084108,0.9994115503638652,2.825964252116651,1063,4067.0,0.3017286148824096,3360,0.3334987593052109,1226.770783651153,0.0,0.357784939709228,1.6368846722403574,1.4330881006492384,0.7769368342756288,0.9783587456725568,3.3552091878589008,1219,5309.0,0.3938719489576378,3355,0.3330024813895781,1238.461742297657,0.0,0.2916494947416556,2.4017608410097813,2.2163312242915656,0.880338096232471,0.9960516276428556,2.5462402765773557,1157,4103.0,0.3043994361599525,3360,0.3334987593052109,909.2361939914538,0.0,AM_boost_cnn_budget10
mmed_16_wide10,am_wide10,1.0,16.0,1.0,3,10,43.729789481763625,1.5749968808159371,1.6052670191230696,1.9308271045547305,2.8682381890505537,0.7570409312805108,46.19827077914434,0.7240348015225666,1.845024469820555,0.7240348015225666,2.924255820807545,0.3498702690290889,2.1856790300814377,1.8702338355392143,0.8943948574143998,0.9998514006050626,2.837940896091516,1049,4026.0,0.3023657529102516,3360,0.3333333333333333,1163.0242531743106,0.0,0.3594053128015917,1.7463020741601123,1.5749968808159371,0.7836489010794662,0.9803230806097016,3.364385820280297,1213,5294.0,0.3975966954562523,3360,0.3333333333333333,1136.86878744763,0.0,0.2907244181693191,2.5426635207505086,2.3315987956128423,0.900962267315286,0.998848813649438,2.5322723253757737,1131,3995.0,0.300037551633496,3360,0.3333333333333333,866.4839437740151,0.0,AM_boost_cnn_budget10
mmed_32_wide10,am_wide10,1.0,32.0,1.0,3,10,41.62429272166013,1.4216423263269344,1.5364364594196118,1.8338859787522743,2.6888390681864136,0.7503164792613002,45.73696015720718,0.7086543535620052,1.8058047493403693,0.7086543535620052,2.924313267095266,0.3508268006927775,2.08613106380567,1.7906980980373115,0.8687314056352575,0.9999222855616584,2.8239700374531838,1068,4084.0,0.3041179536823293,3360,0.333465660976578,1210.8480084935495,0.0,0.3544210935047188,1.6391697047523657,1.4216423263269344,0.7796346275984875,0.9808098190551215,3.3442088091354,1226,5326.0,0.3966043636905205,3356,0.333068678046844,1224.1230335861094,0.0,0.2947521058025035,2.453769586449829,2.2887212171899045,0.9054947980185262,0.9999661709112764,2.5629432624113475,1128,4019.0,0.2992776826271502,3360,0.333465660976578,912.5913764467588,0.0,AM_boost_cnn_budget10
mmed_64_wide10,am_wide10,1.0,64.0,1.0,3,10,43.30448579068077,1.5421265824391797,1.5986931914846538,1.94139170327184,2.7863865000383967,0.7493490067703296,47.20627373883465,0.7210836909871244,1.83637339055794,0.7210836909871244,2.926672509494596,0.3467492702827627,2.145114121126975,1.903502758040119,0.8787076057630793,0.9999990000000004,2.8559241706161136,1055,4068.0,0.3026560523770553,3360,0.3335980937251787,1177.4419718048205,0.0,0.3600668038264998,1.7325008655556118,1.5421265824391797,0.7731716405174529,0.9799718161865488,3.3527960526315788,1216,5293.0,0.3937951045309129,3352,0.3328038125496426,1145.6176081503495,0.0,0.2931839258907374,2.539235830558289,2.3601380814297213,0.8938105855405737,0.9993513597669256,2.5416666666666665,1152,4080.0,0.3035488430920318,3360,0.3335980937251787,846.9528688121273,0.0,AM_boost_cnn_budget10
