useful_tokens,accepted_tokens,measurement_useful_rounds,measurement_complete_samples,measurement_start_ms,measurement_end_ms,goodput_tps,accepted_token_goodput_tps,completion_time_ms,mean_completion_time_ms,p95_completion_time_ms,mean_ttft_ms,p95_ttft_ms,mean_inter_token_latency_ms,p95_inter_token_latency_ms,server_utilization,draft_gpu_utilization_mean,draft_gpu_utilization_max,acceptance_rate,straggler_ratio,mean_round_latency_ms,p95_round_latency_ms,mean_client_interactivity_s_per_token,min_client_interactivity_s_per_token,max_client_interactivity_s_per_token,mean_client_service_rate_tps,min_client_service_rate_tps,max_client_service_rate_tps,p95_client_interactivity_s_per_token,mean_sample_interactivity_s_per_token,p95_sample_interactivity_s_per_token,interactivity_jain_fairness,interactivity_proportional_fairness_utility,service_rate_jain_fairness,service_rate_proportional_fairness_utility,token_fairness_jain,throughput_fairness_jain,interactivity_fairness_jain,ablation_family,variant_name,seed,controller_policy,verification_scheduler,uplink_allocator,downlink_allocator
633,556,78,12,30000.0,330000.0,2.11,1.8533333333333333,300000.0,18603.9258813514,23937.349840926385,767.7014102971561,1165.4670777119145,78.32987376082802,93.91241024269134,0.011787353961262853,0.017606314543287694,0.029599462610228767,0.9190082644628099,1.3014100842880376,665.609063353905,1179.677615671473,0.08129609020328478,0.07079912949901004,0.08432747500097842,12.347619109452248,11.858531279258596,14.124467448628483,0.08432203151912689,0.08153718394601915,0.09539430977431586,0.9965901590128271,-15.068962679133037,0.9957979516295472,15.068962753706526,0.979586335149297,0.9957979516295474,0.9957979516295472,kv_cache,no_kv_cache,1,adaptive_ucb,fcfs,square-root,queue-weighted
1590,1355,239,6,30000.0,330000.0,5.3,4.516666666666667,300000.0,32517.05010292451,39008.19102514434,783.0970126153697,884.5258683750089,139.1083652287041,157.785621257358,0.031977866028125086,0.06530799259425389,0.07798198489771523,0.7277121374865736,1.2256649538345206,985.3534339837458,1532.4497150394986,0.1419606201485735,0.12312276549365661,0.16289793016296694,7.108737056482901,6.138813421383417,8.121974810998871,0.1610943545687445,0.14196062014857352,0.1610943545687445,0.9908413002668559,-11.740725723282953,0.9911054848659431,11.740725766787138,0.9852773736150053,0.9911054848659431,0.9911054848659431,kv_cache,no_kv_cache,2,adaptive_ucb,fcfs,square-root,queue-weighted
1499,1302,200,3,30000.0,330000.0,4.996666666666667,4.34,300000.0,19487.55183136917,25095.40425880809,891.6985767940727,1075.4710635523825,92.2744553866886,113.54821171382686,0.026027161294283965,0.0514932899775396,0.055972352483396146,0.8256182625237793,1.3221839591018871,821.4553311662064,1536.846552381523,0.09613032253258302,0.05327203271425753,0.11819324969542622,11.928245554777083,8.460720071382363,18.77157579782691,0.11806649324469012,0.09613032253258302,0.11806649324469012,0.9095758544176977,-7.213994764430062,0.8586784400127749,7.2139948005031895,0.968683678414465,0.8586784400127749,0.8586784400127749,kv_cache,no_kv_cache,3,adaptive_ucb,fcfs,square-root,queue-weighted
504,440,66,12,30000.0,330000.0,1.68,1.4666666666666666,300000.0,17717.411644839976,20997.523951634423,454.5932255339249,541.0454603144699,71.59510991335637,80.6872044748683,0.009765851547320684,0.014145829002179734,0.020562119595720574,0.8461538461538461,1.2691993452901964,537.1797066269928,1046.7791218895627,0.07319265945970242,0.06576253442832215,0.07782677110120202,13.7048199157502,12.849049059219613,15.206226595326092,0.07766535205850218,0.07320382688068865,0.08202157793607197,0.9970466061859324,-15.697094959016747,0.9967918838565233,15.69709504168482,0.996732476354008,0.9967918838565233,0.9967918838565233,kv_cache,no_kv_cache,4,adaptive_ucb,fcfs,square-root,queue-weighted
529,452,78,12,30000.0,330000.0,1.7633333333333334,1.5066666666666666,300000.0,18851.46934172003,23831.45517450463,551.9874933985653,720.8013653517,75.91312766071341,91.37149327516683,0.012565778958766411,0.018583068972989527,0.02428238367761025,0.7661016949152543,1.265769150928248,622.0029168277786,1109.612055800166,0.07821735381245788,0.07183501392690297,0.08188146879075026,12.809270901433036,12.21277554944111,13.920788002039899,0.08142467543701742,0.07792679267907887,0.09309162177540871,0.9981774147643113,-15.295218120787002,0.9980168341029108,15.295218198111929,0.9901306569334418,0.9980168341029108,0.9980168341029108,kv_cache,no_kv_cache,5,adaptive_ucb,fcfs,square-root,queue-weighted
812,707,106,12,30000.0,330000.0,2.7066666666666666,2.3566666666666665,300000.0,21315.28411580036,27619.62984695398,772.7121232097867,960.1782630675199,90.04302579546187,107.72566946496168,0.015411812420934439,0.02393921599998652,0.04008178343737963,0.8497596153846154,1.2987826032686605,762.2551627892648,1369.4603560426658,0.0932005392620755,0.08190572657058676,0.09964292163291048,10.769807615989004,10.035835798593402,12.20915852737348,0.09878602660085425,0.09313302874163278,0.10990466373145125,0.9965398360861049,-14.248962620492692,0.9959790209389574,14.248962685670742,0.979586335149297,0.9959790209389574,0.9959790209389574,kv_cache,with_kv_cache,1,adaptive_ucb,fcfs,square-root,queue-weighted
1869,1592,281,6,30000.0,330000.0,6.23,5.306666666666667,300000.0,42633.62790249893,51415.323920096744,2191.1073410895283,2975.117007524006,177.86465521509467,213.77807383467396,0.040101895472810914,0.07710378437058683,0.09053724990847355,0.7223230490018149,1.2590143484403131,1299.4097960256204,2281.152984004213,0.18681639394398944,0.14806695509832468,0.2245367293737374,5.453205081624808,4.453614349817654,6.75370138688909,0.22082085684994313,0.18681639394398944,0.22082085684994313,0.9821590564142342,-10.121089503865404,0.9813706858482496,10.121089537705533,0.9852773736150053,0.9813706858482496,0.9813706858482496,kv_cache,with_kv_cache,2,adaptive_ucb,fcfs,square-root,queue-weighted
1711,1480,234,5,30000.0,330000.0,5.703333333333333,4.933333333333334,300000.0,29639.063497243034,39572.79377384631,1841.6306727900599,2648.297631560223,123.44032947997212,146.0988982102158,0.03089348645027106,0.059863406966968624,0.06486536885080404,0.8052230685527747,1.3499607582398758,1003.0571123387641,1639.9658073926728,0.13077422249464563,0.05596119932934479,0.15629520559475793,8.929633072004581,6.3981489143870425,17.86952409855917,0.15462171733257676,0.13077422249464563,0.15462171733257676,0.9237274813509798,-10.486948793391205,0.7994363462848326,10.486948838693241,0.9753942541771179,0.7994363462848326,0.7994363462848326,kv_cache,with_kv_cache,3,adaptive_ucb,fcfs,square-root,queue-weighted
1002,872,133,12,30000.0,330000.0,3.34,2.9066666666666667,300000.0,21780.300630328893,24832.436560091315,777.3066405449537,1139.4857938972905,87.2074699540435,97.87564723130745,0.018232554687807958,0.029990993127334286,0.03868193291500458,0.8257575757575758,1.2143151540877792,639.0026124518308,1312.9046960258056,0.08996316202383851,0.08068580710919354,0.09494323712289549,11.147691590115443,10.532609065199557,12.393753447203945,0.09478258671321789,0.0900947831287161,0.10020112102993038,0.9972853900527349,-14.458602775390261,0.9969682378112946,14.45860284281619,0.996732476354008,0.9969682378112946,0.9969682378112946,kv_cache,with_kv_cache,4,adaptive_ucb,fcfs,square-root,queue-weighted
1011,872,141,12,30000.0,330000.0,3.37,2.9066666666666667,300000.0,22600.63704604383,27034.567678499843,778.4959669379781,1065.5539974968656,90.73106974269382,103.97786701227207,0.02002384178728486,0.03352334984071668,0.037659962720498534,0.7970749542961609,1.197741404953226,663.4893512684945,1206.6636341125268,0.09381769073845275,0.08596005167075856,0.09891894691797715,10.68086303873604,10.109286756046771,11.633310829432352,0.0983029614133407,0.09363108053294256,0.10619164422529281,0.9980264709494053,-14.204490735669943,0.9978758351375188,14.204490800318027,0.9901306569334418,0.9978758351375188,0.9978758351375188,kv_cache,with_kv_cache,5,adaptive_ucb,fcfs,square-root,queue-weighted
893,776,118,12,30000.0,330000.0,2.9766666666666666,2.5866666666666664,300000.0,21967.42256298267,27879.445271592347,793.1027260727,1106.9884450232516,92.82770213082767,107.02590271938337,0.016774166498022776,0.02649440192633463,0.04393788348963271,0.8362068965517241,1.2769508788888075,756.4023921465329,1407.963603357249,0.0959521843895964,0.08258115092391632,0.10264492926770814,10.472710262743922,9.742322461851973,12.10930083695879,0.10194929840504457,0.09592779833001724,0.11100825232411336,0.9955981606351638,-14.077569945045669,0.9946782991986315,14.077570008457645,0.979586335149297,0.9946782991986315,0.9946782991986315,network_delay,no_network_delay,1,adaptive_ucb,fcfs,square-root,queue-weighted
1851,1571,284,6,30000.0,330000.0,6.17,5.236666666666666,300000.0,39086.96608850352,46600.61443513756,1777.8196251994705,2163.9918404042273,164.02650984126657,192.31798980540137,0.04156642324601611,0.07630931252973072,0.09053051904121588,0.7183356195701874,1.2143989172573122,1185.8492470825763,2022.5217193867945,0.1711314991221674,0.14651678655088685,0.20355787255778218,5.914177884772548,4.91260783694887,6.825156513057221,0.19902306193469596,0.1711314991221674,0.19902306193469596,0.9877631763040261,-10.628391497577232,0.9884744148431961,10.628391534089086,0.9852773736150053,0.9884744148431963,0.9884744148431961,network_delay,no_network_delay,2,adaptive_ucb,fcfs,square-root,queue-weighted
1824,1578,250,6,30000.0,330000.0,6.08,5.26,300000.0,31796.70735176578,40641.612430413836,1582.6189125272576,2211.087449474546,133.10186908798198,155.8589563715543,0.03367823846715813,0.06387736907116467,0.068700481447336,0.8026449643947101,1.2868660202812476,1065.628966303257,1518.1737712229103,0.13928600092322344,0.05727642667885556,0.16290159174321187,8.27191820655556,6.138675437722788,17.459189722273035,0.16213527803379008,0.13928600092322344,0.16213527803379008,0.9336168163862368,-12.163735266511981,0.8015146743976533,12.163735316979206,0.9794664990960542,0.8015146743976533,0.8015146743976533,network_delay,no_network_delay,3,adaptive_ucb,fcfs,square-root,queue-weighted
1083,941,145,12,30000.0,330000.0,3.61,3.1366666666666667,300000.0,22922.644483453972,26550.187858628076,801.9391216546501,1344.8998026205054,91.7643399828267,101.62469094792806,0.019594338270059478,0.03301867144366397,0.042332866789909517,0.8168402777777778,1.2150771706851982,665.4731865855914,1185.6202139193038,0.09464570124284143,0.08458723701796342,0.09940738903148728,10.595718477306873,10.059614378195267,11.822114485045,0.09900889754567663,0.09479468873074537,0.10371167132276593,0.9973635732373359,-14.15399733162522,0.9969716834120923,14.153997395767401,0.996732476354008,0.9969716834120923,0.9969716834120923,network_delay,no_network_delay,4,adaptive_ucb,fcfs,square-root,queue-weighted
957,825,134,12,30000.0,330000.0,3.19,2.75,300000.0,22349.331910569756,27508.518971071917,638.1456590019324,948.0851498026101,90.27044379011137,105.07367634171248,0.019395116621938845,0.03153680588839913,0.03512006037362477,0.7947976878612717,1.2312621755378697,681.1345835793735,1338.2503172906913,0.09277444331361696,0.0858127578474538,0.09774350573691529,10.79787037571694,10.230858740544692,11.653278895635347,0.09712403106145631,0.09259262209430703,0.10745515223074968,0.9982843773026365,-14.270752059985941,0.9981909718586034,14.270752125329807,0.9901306569334418,0.9981909718586034,0.9981909718586034,network_delay,no_network_delay,5,adaptive_ucb,fcfs,square-root,queue-weighted
812,707,106,12,30000.0,330000.0,2.7066666666666666,2.3566666666666665,300000.0,21836.982312341435,28520.058633825494,767.6093900941901,938.2941749035537,92.38573583592267,110.74231207600047,0.01555373944885408,0.02427483601509034,0.04201013666441157,0.8497596153846154,1.322814951642666,828.4306459819911,1639.1291172091314,0.09537255076770511,0.0815169518226459,0.10279983421849787,10.541078757992244,9.727642146528476,12.26738706049352,0.10180816526511846,0.09547604660297627,0.11347057155230435,0.9952097316662445,-14.115208730987234,0.994172216838212,14.115208794805945,0.979586335149297,0.994172216838212,0.994172216838212,network_delay,with_network_delay,1,adaptive_ucb,fcfs,square-root,queue-weighted
1874,1597,281,6,30000.0,330000.0,6.246666666666667,5.323333333333333,300000.0,38912.31219066539,46683.50664694032,1995.8788153454527,2737.5361104143394,162.3296843961126,193.1045088358586,0.03994043148122728,0.07722168522528984,0.09223194704112063,0.7245916515426497,1.2523047092062563,1236.3306462324877,1996.170693987384,0.17075252013499906,0.13868454143022751,0.20915022139538453,5.9655078237565755,4.7812524095280144,7.210608981269207,0.20445062679114218,0.170752520134999,0.20445062679114218,0.9815209200311363,-10.660998623431665,0.9822791799435237,10.660998660249227,0.9852773736150053,0.9822791799435237,0.9822791799435237,network_delay,with_network_delay,2,adaptive_ucb,fcfs,square-root,queue-weighted
1775,1537,242,6,30000.0,330000.0,5.916666666666667,5.123333333333333,300000.0,30604.994604939642,39847.71971893514,1697.6035502515042,2272.7131715056476,127.50587955806293,149.37630657788026,0.03255591503577307,0.0619098958190874,0.06614458801686925,0.8080967402733964,1.3205986536344512,1046.8616240147603,1842.2701586708197,0.13428718995418085,0.05259508084562324,0.1578785729288005,8.712077001924923,6.333981752235474,19.01318495802286,0.15752822338989142,0.13428718995418087,0.15752822338989142,0.9293756151995924,-12.414722337227728,0.7808969172612054,12.414722390305913,0.9794664990960542,0.7808969172612054,0.7808969172612054,network_delay,with_network_delay,3,adaptive_ucb,fcfs,square-root,queue-weighted
1054,915,142,12,30000.0,330000.0,3.513333333333333,3.05,300000.0,22516.73110809196,26220.246106350834,766.1204181867212,1311.1740796804982,90.29533137435662,100.93290866617721,0.01916696030103291,0.0322524484123684,0.04121068396040032,0.8111702127659575,1.2113423514124941,645.8941449888258,1221.1651187843047,0.09304344334884095,0.08459369555982878,0.09836897678829877,10.774359179659127,10.165806666385418,11.82121189270838,0.09814459127759742,0.09316811044133648,0.10266124432791916,0.9976148016462443,-14.255482530887026,0.9974333736078552,14.25548259609144,0.996732476354008,0.9974333736078554,0.9974333736078552,network_delay,with_network_delay,4,adaptive_ucb,fcfs,square-root,queue-weighted
982,847,137,12,30000.0,330000.0,3.2733333333333334,2.8233333333333333,300000.0,22478.077961765608,27316.254570515488,744.306099640985,1065.723216799805,90.48172507351376,104.81889442611691,0.020098517122678457,0.03235589752164967,0.03665890682532251,0.7975517890772128,1.2365894232134098,674.951028682002,1201.6183270795457,0.09339897298139765,0.08543238767589813,0.09937247500283523,10.72899169079019,10.063148774059101,11.705162728140822,0.098297332283766,0.09321993567964988,0.10728349205647379,0.9979978787980611,-14.231402901305653,0.9978573341953186,14.231402966239997,0.9901306569334418,0.9978573341953186,0.9978573341953186,network_delay,with_network_delay,5,adaptive_ucb,fcfs,square-root,queue-weighted
977,758,221,12,30000.0,330000.0,3.256666666666667,2.526666666666667,300000.0,24747.743750435136,31441.603302114177,539.9425840316078,613.2053462407672,105.95508568655652,123.742157255802,0.03154563299613074,0.024981226043097642,0.04084607587800037,0.8643101482326112,1.2930026922652584,536.3422027366393,1023.7260532140062,0.1080815670000887,0.09578047978952432,0.11376008257777398,9.283751902839104,8.790429624700153,10.440540726017241,0.11353472912392613,0.10788842669538107,0.12542867274196487,0.9968429507270073,-13.359168495079963,0.9963741833764443,13.359168551430963,0.9800077318164245,0.9963741833764443,0.9963741833764443,gamma_policy,fixed_gamma,1,fixed_gamma,fcfs,square-root,queue-weighted
1977,1513,466,6,30000.0,330000.0,6.59,5.043333333333333,300000.0,44207.43600532019,50357.463462643515,1320.4867243786623,1798.141867858336,188.04437462027443,198.38322956301784,0.06382407566144442,0.06433944953864133,0.07289315494221035,0.8222826086956522,1.1550870979975507,833.7765498242412,1166.4737768949662,0.19302405663901692,0.18060537158538517,0.20662608306750255,5.192530565258908,4.83966005237253,5.536933875342838,0.2048362019151755,0.19302405663901692,0.2048362019151755,0.9977231007119804,-9.876487415282858,0.9977282850944038,9.876487447596185,0.985562184431048,0.9977282850944038,0.9977282850944038,gamma_policy,fixed_gamma,2,fixed_gamma,fcfs,square-root,queue-weighted
1854,1447,409,6,30000.0,330000.0,6.18,4.823333333333333,300000.0,36150.59824480536,44034.342578037285,1167.348845147104,1751.9428415308703,152.78234964746275,168.34534251990428,0.054257513244325914,0.052716132171517605,0.05376127471496829,0.8915588416512631,1.2266423428950635,720.037634615033,1336.507839891404,0.15733139449960656,0.1114264005104354,0.17321818175025866,6.506677203919814,5.773066025146097,8.974533821599552,0.17261862943211648,0.1573313944996066,0.17261862943211648,0.9821499484498484,-11.160936860723773,0.9711728400865933,11.160936900707826,0.9794664990960542,0.9711728400865933,0.9711728400865933,gamma_policy,fixed_gamma,3,fixed_gamma,fcfs,square-root,queue-weighted
1097,855,244,12,30000.0,330000.0,3.6566666666666667,2.85,300000.0,23402.3229165465,25851.48520776098,545.0099007203082,889.459634432654,94.87845916123462,99.67675057296155,0.0324580118781887,0.028802102433321996,0.03592638652127301,0.8805355303810505,1.1140879008353115,416.05749405960427,726.1168602862275,0.09675507186109715,0.09181366534175003,0.10095059585497919,10.344885742110128,9.905835537974955,10.89162486082858,0.10055186238301224,0.0968151877852108,0.10098236409281632,0.9990885735039664,-14.016186740509909,0.9990734507632679,14.016186803159751,0.996732476354008,0.9990734507632679,0.9990734507632679,gamma_policy,fixed_gamma,4,fixed_gamma,fcfs,square-root,queue-weighted
1147,895,253,12,30000.0,330000.0,3.8233333333333333,2.9833333333333334,300000.0,25263.80220212205,30211.9420035741,564.3912155257566,798.9544923450588,102.61561716159025,116.65284592770827,0.03503574786009267,0.030829535387211542,0.03469238384748982,0.8923230309072782,1.2008124983488164,490.691203395247,906.5569037409164,0.10481299460891635,0.09658150836029107,0.10882458066621704,9.557182990595113,9.189100420861395,10.353948876730778,0.1086102952644935,0.10464308770019172,0.11801539845146132,0.9983587701372654,-13.538539016991479,0.9982142140541489,13.538539074963452,0.9901306569334418,0.9982142140541489,0.9982142140541489,gamma_policy,fixed_gamma,5,fixed_gamma,fcfs,square-root,queue-weighted
820,714,107,12,30000.0,330000.0,2.7333333333333334,2.38,300000.0,21203.670591758702,27344.079938889838,751.8075615284397,1166.5679040374462,89.93049638954649,105.57768368224917,0.015691990025807172,0.024425320803461565,0.041340646521198746,0.85,1.3061498959331586,750.3428461309054,1334.9796526060604,0.092715487572399,0.08136071424318253,0.0991083982668446,10.826465397219977,10.08996227855028,12.2909442143177,0.09819609750588701,0.09289139944838093,0.10879179273981547,0.9965239157038808,-14.280343838215,0.995935853063077,14.280343903730081,0.979586335149297,0.9959358530630772,0.995935853063077,gamma_policy,adaptive_gamma,1,adaptive_ucb,fcfs,square-root,queue-weighted
1856,1580,280,6,30000.0,330000.0,6.1866666666666665,5.266666666666667,300000.0,39900.19991254992,48178.59426843229,1868.3425408761625,2155.742606667858,167.08009875670615,200.72900698279793,0.040295703692827374,0.07661964017865786,0.09053712816123773,0.7224508459076361,1.2470983850183137,1230.0206155860546,2061.943608085828,0.17469578415202078,0.13992830737117903,0.21499724801521478,5.831315836171622,4.651222326014297,7.1465168041185745,0.20984117319192755,0.17469578415202072,0.20984117319192755,0.9814843402498702,-10.524164462992289,0.9820729819651637,10.524164499028359,0.9852773736150053,0.9820729819651637,0.9820729819651637,gamma_policy,adaptive_gamma,2,adaptive_ucb,fcfs,square-root,queue-weighted
1706,1478,231,5,30000.0,330000.0,5.6866666666666665,4.926666666666667,300000.0,30142.03310449291,40252.184180063356,1388.7700905766492,1916.5071873228712,126.52006029087129,153.13647955070806,0.030195564882208904,0.05898352399659407,0.06358622058921706,0.814773980154355,1.3500570641456635,998.4655699233002,1575.2344478173036,0.13194653314890875,0.06352186985722984,0.1589588465641918,8.54217926706416,6.290936438043248,15.74260962795294,0.15808128226943657,0.13194653314890875,0.15808128226943657,0.9328919443491528,-10.379812386016068,0.8472909704393718,10.379812429386698,0.9753942541771179,0.8472909704393718,0.8472909704393718,gamma_policy,adaptive_gamma,3,adaptive_ucb,fcfs,square-root,queue-weighted
1043,905,141,12,30000.0,330000.0,3.4766666666666666,3.0166666666666666,300000.0,21917.515411591678,26237.905425702702,790.0913835593366,1295.4146434887446,87.65635163021773,100.7559819502797,0.019904820800293238,0.031325045659807656,0.041350292376659624,0.8197463768115942,1.2606946631984643,597.3920884964064,1103.4705078652987,0.09054205290492562,0.08254920196305593,0.09471843640675856,11.0699835515461,10.557606712441949,12.11398749133323,0.09460211991819556,0.09066667227997144,0.10249181806915118,0.9978070213011692,-14.418434443902203,0.9976082695804954,14.418434510865357,0.996732476354008,0.9976082695804954,0.9976082695804954,gamma_policy,adaptive_gamma,4,adaptive_ucb,fcfs,square-root,queue-weighted
939,810,131,12,30000.0,330000.0,3.13,2.7,300000.0,22437.493631338322,28414.777023142993,798.3007625979427,1020.61975413398,90.01407426740595,108.40287710660091,0.01933709637649978,0.031050754129542904,0.035585125128598336,0.7988165680473372,1.272214177719567,703.1206342224385,1328.9679946622457,0.09312600155166516,0.0853486984601888,0.09832603924572131,10.760564033334285,10.170245925404906,11.716640300806151,0.09766264425819253,0.0930218234452876,0.11099522274665231,0.9979906888729171,-14.248995473382356,0.9978434864491843,14.248995538504497,0.9901306569334418,0.9978434864491843,0.9978434864491843,gamma_policy,adaptive_gamma,5,adaptive_ucb,fcfs,square-root,queue-weighted
1004,791,215,1,30000.0,330000.0,3.3466666666666667,2.6366666666666667,300000.0,15659.351535980903,15659.351535980903,377.29480411471013,377.29480411471013,59.92963424261252,59.92963424261252,0.029654600255501765,0.02767602638635658,0.04763497320047913,0.8867713004484304,1.0,415.0306559078722,1010.1615775257192,0.0611693419374254,0.0611693419374254,0.0611693419374254,16.348058820429575,16.348058820429575,16.348058820429575,0.0611693419374254,0.0611693419374254,0.0611693419374254,1.0,-2.7941091473674144,1.0,2.7941091637766426,1.0,1.0,1.0,ucb,no_ucb,1,adaptive_queue,fcfs,square-root,queue-weighted
1878,1579,303,6,30000.0,330000.0,6.26,5.263333333333334,300000.0,40032.52445765917,48985.78983598811,1400.0284479981663,2314.970836767692,168.7511172131976,189.87162536273215,0.04337004054725791,0.07490990791316471,0.09053634963179345,0.7430588235294118,1.2457651595684955,1123.2325536958786,1917.8533070949716,0.1742345372643117,0.15640273772741498,0.19480907898017766,5.776972608647321,5.133230983047524,6.393749972221333,0.1928552496404763,0.1742345372643117,0.1928552496404763,0.9934708660067093,-10.50375634189773,0.993585398946908,10.503756377604974,0.9852773736150053,0.993585398946908,0.993585398946908,ucb,no_ucb,2,adaptive_queue,fcfs,square-root,queue-weighted
2111,1663,451,6,30000.0,330000.0,7.036666666666667,5.543333333333333,300000.0,33748.52267474033,50266.13927101192,1403.483176180569,2409.4137209854725,140.84981409105998,189.11165365034296,0.05871593511896208,0.06480394883081629,0.07240482960283105,0.8128054740957967,1.5127123079538247,876.626133431739,2089.709272987755,0.14664744035519897,0.06548419536889526,0.19942111572397822,7.867043776221863,5.014514116870728,15.270860310135172,0.1963521065273903,0.14664744035519897,0.1963521065273903,0.9121232436958756,-11.893558228855238,0.8319967883317416,11.893558276937384,0.9794664990960542,0.8319967883317416,0.8319967883317416,ucb,no_ucb,3,adaptive_queue,fcfs,square-root,queue-weighted
970,845,128,12,30000.0,330000.0,3.2333333333333334,2.816666666666667,300000.0,22172.138960094995,25660.480113398626,756.8620522035662,1190.1194810770753,88.93836885548866,98.08177346001942,0.01749638796240712,0.028882734461085056,0.03657525699680426,0.8316929133858267,1.1952380211331037,685.1910695919521,1342.6331341788377,0.09164594278520749,0.08397943073543271,0.09750213222420447,10.938445274796415,10.256185964226068,11.907677763979873,0.09722160014985598,0.0917637545308919,0.10023625044296339,0.9975888861167627,-14.346274038205605,0.9975000421550071,14.34627410438615,0.996732476354008,0.9975000421550071,0.9975000421550071,ucb,no_ucb,4,adaptive_queue,fcfs,square-root,queue-weighted
956,809,149,12,30000.0,330000.0,3.1866666666666665,2.6966666666666668,300000.0,23471.520953726726,30601.750836086398,814.5216183224347,1543.346258502616,94.11353034399724,117.85649752837965,0.02121014682188009,0.030778254604929018,0.03658600795947642,0.8383419689119171,1.3277696880944159,696.7138996534686,1250.1469740401828,0.09736047487151862,0.0823212962989418,0.10570268071611462,10.342693722185857,9.460498004640932,12.147524941402732,0.10477797347587628,0.09711909224588039,0.12018767611328482,0.9936878904094224,-13.996234055202363,0.9924819996794481,13.996234117842688,0.9876254452342461,0.9924819996794481,0.9924819996794481,ucb,no_ucb,5,adaptive_queue,fcfs,square-root,queue-weighted
819,713,107,12,30000.0,330000.0,2.73,2.3766666666666665,300000.0,21106.01687749262,26772.342917343172,701.800344300232,1082.2796237488672,89.46789622833516,104.81346631965933,0.015508624001716573,0.024441335069940145,0.04267962789277277,0.8488095238095238,1.278246802376397,732.8512495063584,1480.534543117139,0.09218792800970228,0.07959037118115132,0.09965575929694209,10.901582942746089,10.034542981307501,12.564333915769211,0.09861714274155352,0.09236120375526201,0.10650724881378505,0.9954283072978969,-14.318097821774707,0.9946276153993081,14.31809788773733,0.979586335149297,0.9946276153993081,0.9946276153993081,ucb,with_ucb,1,adaptive_ucb,fcfs,square-root,queue-weighted
1869,1591,282,6,30000.0,330000.0,6.23,5.303333333333334,300000.0,39515.05798648797,47797.44869712154,1809.0717097033,2685.1650201687717,165.89828760686888,201.8834304554,0.039804686167432615,0.07680716181526326,0.09053718369390076,0.7244990892531876,1.2533907922837983,1207.7610704558526,2032.0946060009785,0.17308407933921566,0.12993964160824792,0.21303718269597116,5.916904507229049,4.694016262067811,7.695880853780383,0.2081448888157522,0.17308407933921566,0.2081448888157522,0.9779657206035042,-10.593951258835288,0.9752519036335044,10.59395129537522,0.9852773736150053,0.9752519036335044,0.9752519036335044,ucb,with_ucb,2,adaptive_ucb,fcfs,square-root,queue-weighted
1747,1512,238,5,30000.0,330000.0,5.823333333333333,5.04,300000.0,30436.729447550642,39858.90562394583,1673.9317817416827,2469.8642458421905,128.5542573892814,154.8430195285022,0.03274244618990148,0.060676217538118964,0.06531229242268788,0.8085561497326204,1.3219819964864952,1012.7769378922836,1964.0751540652693,0.13561536864814977,0.05050383120624218,0.16765596306941732,9.068282179377556,5.964595482869606,19.80047802544536,0.16555977698802785,0.13561536864814974,0.16555977698802785,0.9087218447161377,-10.398093933472481,0.7402722550009309,10.39809397949197,0.9753942541771179,0.7402722550009309,0.7402722550009309,ucb,with_ucb,3,adaptive_ucb,fcfs,square-root,queue-weighted
978,852,129,12,30000.0,330000.0,3.26,2.84,300000.0,21294.520004046517,24521.14672455923,687.6395584582866,1161.0713781604536,85.67121309162667,94.24066769917454,0.017654222548784067,0.029128264766363193,0.03713679008812605,0.83203125,1.1986832119399211,611.5981944400069,1175.104526267711,0.08801566097980035,0.08133511799912113,0.09274420679983586,11.384304099576903,10.782344628363028,12.2948121869179,0.09268220829888466,0.0882336320154896,0.09600267968049472,0.9980421952740879,-14.587394450713552,0.9979749675590913,14.587394519547471,0.996732476354008,0.9979749675590915,0.9979749675590913,ucb,with_ucb,4,adaptive_ucb,fcfs,square-root,queue-weighted
880,759,123,12,30000.0,330000.0,2.933333333333333,2.53,300000.0,21283.817635906653,26443.190886342854,739.6008496779838,1024.4043709828404,85.51080314781962,100.5385920845656,0.01820644352507467,0.02891328052672475,0.03358294705245293,0.7989473684210526,1.2426189904010765,637.3957240339955,1243.550721731192,0.0883606056283569,0.0810501391700862,0.0937031954534205,11.340535219521366,10.67199464395103,12.3380417386017,0.09289777340955604,0.0882236566828037,0.10329371439977678,0.9980132358210337,-14.564072498090388,0.9978836723349874,14.564072566663762,0.9901306569334418,0.9978836723349875,0.9978836723349874,ucb,with_ucb,5,adaptive_ucb,fcfs,square-root,queue-weighted
807,704,104,12,30000.0,330000.0,2.69,2.3466666666666667,300000.0,20897.7411387488,25588.141203588308,803.216064217598,1045.5584739782557,88.56421816333267,99.20535062245251,0.015194324742381771,0.023403794904042232,0.038823317565162704,0.8627450980392157,1.2344844935741204,729.2948081863874,1427.2941254588363,0.09163153564753068,0.08472753881443022,0.09692771668225914,10.931352406974446,10.316966438796054,11.80253804126418,0.09607512185407874,0.09188328227527481,0.10260988599998044,0.998391534833697,-14.344799042356533,0.9983011408800663,14.344799108494435,0.979586335149297,0.9983011408800663,0.9983011408800663,virtual_queue,no_virtual_queue,1,adaptive_ucb,fcfs,square-root,queue-weighted
1896,1616,284,6,30000.0,330000.0,6.32,5.386666666666667,300000.0,38324.04861286255,45808.71846714302,1872.2987184074057,2344.5641658583645,160.5421575460043,192.09288592996194,0.03925530479677642,0.07779719230052501,0.09222958574650343,0.725314183123878,1.2400604154659742,1185.5712794760127,1813.505322327862,0.1680657702665295,0.14880887049227917,0.20463056416233208,6.029905819132054,4.886855510043488,6.720029502890987,0.1998832118377691,0.1680657702665295,0.1998832118377691,0.9857163645163574,-10.741559188256373,0.9879776642995688,10.741559225444202,0.9852773736150053,0.9879776642995688,0.9879776642995688,virtual_queue,no_virtual_queue,2,adaptive_ucb,fcfs,square-root,queue-weighted
1820,1575,249,6,30000.0,330000.0,6.066666666666666,5.25,300000.0,31655.150199720305,41150.98390172507,1931.9327380908392,3123.427320611245,131.49341025963147,158.58029794982025,0.034204476746575285,0.06360219753286121,0.06786960784440349,0.8043922369765066,1.3181735957651275,1059.8263717094903,1721.528177338355,0.139314897911913,0.055289874841230754,0.1692365656078759,8.380551442310493,5.908888521863636,18.08649418852148,0.16767643120126874,0.139314897911913,0.16767643120126874,0.9276646710833082,-12.19380425878978,0.7867649026897496,12.19380430990898,0.9794664990960542,0.7867649026897496,0.7867649026897496,virtual_queue,no_virtual_queue,3,adaptive_ucb,fcfs,square-root,queue-weighted
1010,879,134,12,30000.0,330000.0,3.3666666666666667,2.93,300000.0,21512.90502007077,25510.43530946682,688.0995807482799,914.9204506803562,86.46544807818843,98.20665297731689,0.0181163945964848,0.030313149079885637,0.03924363059472607,0.8261278195488722,1.2488621596003024,593.0071656810545,1170.2186560710447,0.08885252497442607,0.07983326193713336,0.09343993421068136,11.284523857055802,10.70206232963815,12.526107235696749,0.09323732223812839,0.08900705838017063,0.10029205550972364,0.9975075971128142,-14.532467983848655,0.9971882680195294,14.532468052088914,0.996732476354008,0.9971882680195294,0.9971882680195294,virtual_queue,no_virtual_queue,4,adaptive_ucb,fcfs,square-root,queue-weighted
983,847,138,12,30000.0,330000.0,3.276666666666667,2.8233333333333333,300000.0,22413.72369026393,27288.66531355217,811.6658415841156,1191.7880217317288,89.75875651326747,103.79069365869155,0.020107299814311166,0.03267922684861982,0.03919812216761763,0.791588785046729,1.2179551765469472,657.4511793153017,1210.3802432798025,0.09307980628025332,0.0842500114634952,0.0995527244121067,10.771467521211674,10.04492851306025,11.869434586763129,0.098451570181191,0.09278499261494944,0.10706475021170846,0.9975027358290143,-14.253494104461655,0.9972995706692503,14.25349416964894,0.9901306569334418,0.9972995706692503,0.9972995706692503,virtual_queue,no_virtual_queue,5,adaptive_ucb,fcfs,square-root,queue-weighted
830,723,108,12,30000.0,330000.0,2.7666666666666666,2.41,300000.0,21562.93601174697,27754.276614634382,750.4755138486739,1117.878629769431,91.37937524056987,107.21123391473073,0.01566903127434974,0.024380663684107653,0.04142075867536227,0.8525943396226415,1.2971204664614433,776.8893834038885,1456.5691360238227,0.0943063972612026,0.08229340598707893,0.10185563393875041,10.648895272882996,9.817817251045113,12.151641896520994,0.10061808048538978,0.09441632047470443,0.11041374194106195,0.9960682552709561,-14.179672290983074,0.995443836565687,14.179672355442284,0.979586335149297,0.995443836565687,0.995443836565687,virtual_queue,with_virtual_queue,1,adaptive_ucb,fcfs,square-root,queue-weighted
1896,1616,284,6,30000.0,330000.0,6.32,5.386666666666667,300000.0,41407.061832931664,49091.29597590998,1572.2880643877481,1901.5194849593354,175.14762803730832,208.67767965834773,0.039546771268360315,0.07765941946899825,0.09053695977660688,0.725314183123878,1.2161635211046455,1259.018853620368,2150.755682491431,0.18145511462781908,0.13662070972533083,0.22371709600561251,5.635957533611645,4.469931077484183,7.319534512816179,0.21696532016567027,0.18145511462781908,0.21696532016567027,0.9793398457505449,-10.30625886848508,0.9765044571049488,10.306258903389558,0.9852773736150053,0.9765044571049488,0.9765044571049488,virtual_queue,with_virtual_queue,2,adaptive_ucb,fcfs,square-root,queue-weighted
1856,1604,256,6,30000.0,330000.0,6.1866666666666665,5.346666666666667,300000.0,32146.848249237828,41534.1245407401,1607.384268075418,2247.7184794809746,134.10577059277855,160.62572490690525,0.03518679082393646,0.06514643445705558,0.06915000840493057,0.7996011964107677,1.3040345893963974,1075.2976808424196,1704.2706348722406,0.14082969806830625,0.057780628714339796,0.16621323564242818,8.194704139628886,6.016368047555994,17.30683833406997,0.1655980146781914,0.14082969806830622,0.1655980146781914,0.9321994727907785,-12.102617253496758,0.8006264540901523,12.10261730350996,0.9794664990960542,0.8006264540901523,0.8006264540901523,virtual_queue,with_virtual_queue,3,adaptive_ucb,fcfs,square-root,queue-weighted
1133,982,154,12,30000.0,330000.0,3.776666666666667,3.2733333333333334,300000.0,23448.494943822414,27686.14563081857,691.6278937693306,1149.195518717053,94.47111785563202,106.79047247038403,0.020688960648452243,0.034933507862374695,0.04387895142690163,0.8022875816993464,1.2504019714557861,675.3896101909701,1265.1138682175451,0.09689360241776546,0.08871704048862268,0.10190252724933238,10.343382959653175,9.813299306632766,11.271791692918823,0.10185124429945185,0.09702200768084278,0.10814900637038503,0.9978671166601432,-14.011397458691654,0.9977301420345716,14.011397521333313,0.996732476354008,0.9977301420345718,0.9977301420345716,virtual_queue,with_virtual_queue,4,adaptive_ucb,fcfs,square-root,queue-weighted
1061,915,148,12,30000.0,330000.0,3.5366666666666666,3.05,300000.0,23165.040268222398,27651.208649340024,673.5273706395182,1177.4298695665552,93.60515040349686,106.41555233385219,0.0212163471026967,0.03488712140077734,0.03973485700187362,0.7956521739130434,1.1973631699236384,685.7761971707253,1333.795042365651,0.09621541841829266,0.08702606460996384,0.10204787391322748,10.419252118351537,9.799322236250722,11.490810304726882,0.10122863047972455,0.09609238202545557,0.10836772568976348,0.9976332472459094,-14.054342438185895,0.9973939398293302,14.0543425012787,0.9901306569334418,0.9973939398293302,0.9973939398293302,virtual_queue,with_virtual_queue,5,adaptive_ucb,fcfs,square-root,queue-weighted
881,766,116,12,30000.0,330000.0,2.9366666666666665,2.5533333333333332,300000.0,21537.501504419615,26836.928479639046,794.778212259599,1086.5929684042187,91.32380555437298,103.87041625962796,0.01675246727031966,0.0262295420303879,0.04460801350132278,0.8399122807017544,1.263904673946576,736.1680500402122,1433.2582361244313,0.09426084519760886,0.08388303105452019,0.1016432161219417,10.64516057741215,9.838334894876768,11.921362252039332,0.10054524508154605,0.09450101165558648,0.10677687493117628,0.9967589968495256,-14.180213888888686,0.9964205903175533,14.180213953325215,0.979586335149297,0.996420590317553,0.9964205903175533,batching,fcfs_batching,1,adaptive_ucb,fcfs,square-root,queue-weighted
1883,1605,282,6,30000.0,330000.0,6.276666666666666,5.35,300000.0,40380.501743409586,47931.804082094524,1616.43372759535,1986.5230058274792,170.62964335297053,203.75405262322903,0.040555556411854925,0.07751874493466908,0.09223223754763657,0.7255877034358047,1.2279942815368396,1242.7372922535756,1857.0331068274231,0.1769979502430514,0.14993160599122451,0.21604070759599078,5.730128688384384,4.628757288973802,6.669707787019435,0.21045536001974247,0.1769979502430514,0.21045536001974247,0.9852067224653978,-10.432949186678277,0.986919465098597,10.432949222121037,0.9852773736150053,0.9869194650985972,0.986919465098597,batching,fcfs_batching,2,adaptive_ucb,fcfs,square-root,queue-weighted
1813,1568,249,6,30000.0,330000.0,6.043333333333333,5.226666666666667,300000.0,29294.067946201434,38483.11897763997,1681.5453540540682,2545.2511606003136,121.36693788663293,146.3260440474873,0.03452296661601091,0.06345373937256917,0.06742380595538643,0.8041025641025641,1.3306713949007052,1031.8758676319694,1828.706768283418,0.12794554997923116,0.04623728784645772,0.1522686650636246,9.387166607724884,6.5673393772918125,21.62756611764829,0.1508515514821288,0.12794554997923116,0.1508515514821288,0.9234718896221071,-12.756775680610959,0.7459297409841849,12.75677573770163,0.9794664990960542,0.7459297409841849,0.7459297409841849,batching,fcfs_batching,3,adaptive_ucb,fcfs,square-root,queue-weighted
1092,948,147,12,30000.0,330000.0,3.64,3.16,300000.0,22738.06118214689,27077.346545374785,746.3051776119438,1327.5013470328174,91.21431333451237,103.8992309166332,0.01955764355370775,0.03332792655818375,0.04331736955533141,0.8116438356164384,1.2539504916380275,644.830830623635,1123.4283181719097,0.09388535193513103,0.08470551057742536,0.09860853825770144,10.6784273876019,10.141109661179861,11.805607370561171,0.09808265766862262,0.09402023705691086,0.10577088494287025,0.9976052563988462,-14.20157207710936,0.9973122302354918,14.201572141743235,0.996732476354008,0.9973122302354918,0.9973122302354918,batching,fcfs_batching,4,adaptive_ucb,fcfs,square-root,queue-weighted
1016,874,144,12,30000.0,330000.0,3.3866666666666667,2.9133333333333336,300000.0,23240.505713348994,29445.492021889724,779.2110804044505,1035.1583162154068,93.31267887491033,112.7249724506772,0.02159013974790772,0.033259485871266516,0.03954273005470749,0.7945454545454546,1.26944356378273,718.378328535829,1399.8872904330767,0.09638335384750901,0.08570815623789713,0.10375105891533457,10.417770775166426,9.638455842807774,11.667501016173246,0.10280575088607383,0.09619434096198592,0.11502145321050673,0.9961072612849079,-14.048619379188478,0.9957403849603402,14.048619442273406,0.9901306569334418,0.9957403849603402,0.9957403849603402,batching,fcfs_batching,5,adaptive_ucb,fcfs,square-root,queue-weighted
883,768,116,12,30000.0,330000.0,2.9433333333333334,2.56,300000.0,22414.67667469538,28855.199798444395,746.0711599166385,1074.5308957732086,95.3376281876732,111.91081169371725,0.01673461845765511,0.026362527328024615,0.04460802270415137,0.8421052631578947,1.3100034076423843,802.2994489268838,1485.324561618956,0.09806451959240463,0.0871070909009304,0.10565666505404175,10.232863349294131,9.46461824711688,11.480121648619066,0.10447160721526061,0.09824224629113536,0.11481380229182642,0.996715733806653,-13.943016201285179,0.9963463054929406,13.943016263270746,0.979586335149297,0.9963463054929406,0.9963463054929406,batching,utility_batching,1,adaptive_ucb,weighted_utility,square-root,queue-weighted
1919,1636,287,6,30000.0,330000.0,6.3966666666666665,5.453333333333333,300000.0,41928.27014899442,50473.47824894246,1401.7102885838115,1654.7000579517153,178.3679129931295,217.0549533084576,0.04064583607949317,0.07872213054339368,0.09267764219553871,0.7264653641207816,1.2501296263583386,1278.59354108256,2051.5751887950237,0.18381887008685038,0.14367436744875808,0.2301440453360971,5.559989844158082,4.345104817027193,6.96018376664615,0.22379531202474262,0.18381887008685038,0.22379531202474262,0.9784045722775988,-10.228432363993578,0.9788377842585003,10.22843239845643,0.9852773736150053,0.9788377842585003,0.9788377842585003,batching,utility_batching,2,adaptive_ucb,weighted_utility,square-root,queue-weighted
1870,1617,257,6,30000.0,330000.0,6.233333333333333,5.39,300000.0,31853.993854045868,41973.370276132024,1931.3821291841875,3187.499606035317,131.41977158359728,158.72836343552402,0.0341874568304047,0.06569702127740183,0.06998228485641196,0.7997032640949555,1.3324795241414655,1057.968100263056,1784.429080886578,0.1394318150867834,0.058481085585275365,0.16579997879939143,8.224199277091424,6.031363859279761,17.099545776075413,0.16395847764114072,0.13943181508678337,0.16395847764114072,0.9337678500541169,-12.149530346084086,0.8097800659558508,12.149530396265874,0.9794664990960542,0.8097800659558508,0.8097800659558508,batching,utility_batching,3,adaptive_ucb,weighted_utility,square-root,queue-weighted
1089,945,147,12,30000.0,330000.0,3.63,3.15,300000.0,23153.877187148246,26357.717633979613,739.3192122102047,1087.527942472834,93.08443931910217,101.73372771489719,0.01977685509249568,0.03336841807326185,0.04233376651223993,0.8090753424657534,1.1955625988366818,687.0057119119492,1415.2546650710538,0.09563219891191055,0.08600355105608198,0.10034511245535949,10.485480431259077,9.96560744744663,11.627426864594357,0.10023755125499849,0.09581366652211566,0.1048142162745244,0.9974137972892156,-14.091555246713796,0.9971030308503555,14.09155531020047,0.996732476354008,0.9971030308503555,0.9971030308503555,batching,utility_batching,4,adaptive_ucb,weighted_utility,square-root,queue-weighted
1126,968,160,12,30000.0,330000.0,3.7533333333333334,3.2266666666666666,300000.0,23544.70777236573,27589.160962194932,820.5516315436379,1060.5932443768497,94.54535328778252,105.78920558448893,0.023190096520508328,0.03703326819029357,0.04027218030333746,0.7921440261865794,1.1894789678123918,667.6337021678266,1190.4562996065292,0.09789032645886298,0.09010302734910478,0.10387867819192982,10.23424673400107,9.626614598930164,11.098406229187987,0.10267819148747052,0.09765028236237287,0.10835390525071513,0.9982244711256842,-13.948886523855215,0.9981150661425862,13.948886585848037,0.9901306569334418,0.9981150661425862,0.9981150661425862,batching,utility_batching,5,adaptive_ucb,weighted_utility,square-root,queue-weighted
896,779,118,12,30000.0,330000.0,2.986666666666667,2.5966666666666667,300000.0,22534.51835844364,28960.317973387406,731.2624847845659,970.4243469400698,95.57023076046396,112.37229181954362,0.016937161395326257,0.0265983259026692,0.04460803110552149,0.8394396551724138,1.2978396172415574,822.0011629034462,1605.4906218117198,0.09846736186448653,0.08521675072740904,0.10602637955233414,10.203190223720535,9.431615077513841,11.734782087606174,0.10505825357362608,0.09850348921507952,0.11521605182161468,0.9957269604071274,-13.921797475350324,0.994945900450395,13.921797537160268,0.979586335149297,0.994945900450395,0.994945900450395,alpha_profile,prefix_level_alpha,1,adaptive_ucb,fcfs,square-root,queue-weighted
1878,1600,282,6,30000.0,330000.0,6.26,5.333333333333333,300000.0,41236.432590724326,49365.516376914326,1794.8735662292663,2369.8388021200935,173.59965293460243,206.06998728440345,0.03949344764385993,0.07737986227893402,0.09053668638872248,0.7233273056057866,1.2445906107341267,1263.8741168699005,2108.907314117314,0.1807565979867178,0.14460971933116512,0.21832001446337101,5.630585460984594,4.5804320893711585,6.915164517468834,0.21385961711958512,0.1807565979867178,0.21385961711958512,0.9828769226337293,-10.316257448522357,0.9824991654301548,10.31625748339041,0.9852773736150053,0.9824991654301548,0.9824991654301548,alpha_profile,prefix_level_alpha,2,adaptive_ucb,fcfs,square-root,queue-weighted
1838,1589,253,6,30000.0,330000.0,6.126666666666667,5.296666666666667,300000.0,31063.5765119268,40077.95649462649,1715.8884205311322,2711.8771491427397,129.45049603322897,154.20037992294215,0.03366195015686874,0.06464371890607584,0.06914996226811525,0.7984924623115578,1.2983259560320806,1037.211802425325,1552.2041192381162,0.1363764306248452,0.0541412367167178,0.1600585781889336,8.544159854747917,6.247712626933354,18.470209781728514,0.15942933175949614,0.1363764306248452,0.15942933175949614,0.9301816003779363,-12.314308300220505,0.786690552476823,12.314308352303724,0.9794664990960542,0.786690552476823,0.786690552476823,alpha_profile,prefix_level_alpha,3,adaptive_ucb,fcfs,square-root,queue-weighted
1094,949,148,12,30000.0,330000.0,3.6466666666666665,3.1633333333333336,300000.0,22832.64066726174,26969.10893641567,767.6153004436409,1216.5879540057022,91.64209008522516,103.3022464070429,0.01983928932653119,0.033637928564330226,0.04331736883682172,0.8069727891156463,1.2222703827728763,643.712444726702,1091.5121764441965,0.09432852733603599,0.08604895311061926,0.09856402266314415,10.625388108390878,10.14568980628596,11.621291879222067,0.09853055043914524,0.09453354328769663,0.1053480817828737,0.997827271508392,-14.172555118036843,0.9976314251843064,14.172555182355143,0.996732476354008,0.9976314251843064,0.9976314251843064,alpha_profile,prefix_level_alpha,4,adaptive_ucb,fcfs,square-root,queue-weighted
1031,889,144,12,30000.0,330000.0,3.4366666666666665,2.9633333333333334,300000.0,22939.739404321594,27348.786870398162,888.6853098169933,1214.0282315348486,91.76846268736135,103.16008475663747,0.020355891121240952,0.034050970089454576,0.039198002726099024,0.7951699463327371,1.193553263810168,674.5227734928665,1270.8428421449967,0.09535225912103047,0.08716777513163347,0.10015474798815513,10.50754768960698,9.984549111124174,11.472129447951193,0.09944154658725288,0.09513010403170885,0.10683119871249282,0.9981778470460864,-14.106720021411775,0.9979922547600456,14.106720085029174,0.9901306569334418,0.9979922547600456,0.9979922547600456,alpha_profile,prefix_level_alpha,5,adaptive_ucb,fcfs,square-root,queue-weighted
829,722,108,12,30000.0,330000.0,2.763333333333333,2.4066666666666667,300000.0,21553.329015422423,28027.315972253742,809.630990996811,1187.4748570485272,90.99066995441297,108.37580875838874,0.015688261258571097,0.024106607356432098,0.03949239600021067,0.8514150943396226,1.30514013561549,801.9564600447427,1505.7567798039997,0.09429197903156879,0.08329260738720146,0.10061519173188425,10.642122643246891,9.938856973654277,12.0058674037098,0.09973755573137251,0.09427042984120824,0.11155141758414897,0.996791035262051,-14.17828736711587,0.9962946726854319,14.178287431534358,0.979586335149297,0.9962946726854319,0.9962946726854319,alpha_profile,position_level_alpha,1,adaptive_ucb,fcfs,square-root,queue-weighted
1847,1573,278,6,30000.0,330000.0,6.156666666666666,5.243333333333333,300000.0,40227.84201365941,48371.611107415476,1515.6499977769647,2035.9974374604953,170.0949786341848,200.02078959103312,0.03954282801831141,0.0763888026153163,0.0888425565528134,0.7215596330275229,1.2416467412783208,1224.2670978415208,1946.5544340370213,0.17616169329202105,0.13908393168477284,0.21163834458634098,5.778199683584764,4.725041683512296,7.189903160535128,0.20750685311252853,0.17616169329202105,0.20750685311252853,0.9831192049327963,-10.47073150502434,0.9819526440738922,10.470731540750506,0.9852773736150053,0.9819526440738922,0.9819526440738922,alpha_profile,position_level_alpha,2,adaptive_ucb,fcfs,square-root,queue-weighted
1811,1567,248,6,30000.0,330000.0,6.036666666666667,5.223333333333334,300000.0,29940.798478525674,39201.90736926702,1701.7781661557099,2794.651891381872,123.38875614079531,148.22693693134266,0.03278838259167969,0.0632611823197554,0.06787081842555581,0.8035897435897436,1.3267832327699678,1022.274060588465,1714.8314656446182,0.1301310957485309,0.0650521036518926,0.15517558358223604,8.406620161669599,6.444312803051552,15.372293036843343,0.15340467339746994,0.13013109574853088,0.15340467339746994,0.9487961798715311,-12.461836557995948,0.8774846912520832,12.461836609216457,0.9794664990960542,0.877484691252083,0.8774846912520832,alpha_profile,position_level_alpha,3,adaptive_ucb,fcfs,square-root,queue-weighted
1085,941,147,12,30000.0,330000.0,3.6166666666666667,3.1366666666666667,300000.0,22512.677723819954,26972.965906828114,748.2374127006897,1303.8256796082749,90.40428567115437,104.09703238262362,0.019533022704999892,0.03345076120956276,0.04275582838650798,0.8056506849315068,1.2571314238381492,622.4588035154422,1018.7125425693615,0.09303900308371697,0.08666063680926171,0.09707823178236553,10.766959496912632,10.30097048164048,11.539264385986218,0.0970494800595211,0.09324173536653725,0.10545537981520156,0.998298870619872,-14.253614419372388,0.9982164215576239,14.253614484532381,0.996732476354008,0.9982164215576239,0.9982164215576239,alpha_profile,position_level_alpha,4,adaptive_ucb,fcfs,square-root,queue-weighted
1001,864,139,12,30000.0,330000.0,3.3366666666666664,2.88,300000.0,22271.070254689756,26425.75543223603,737.9407423421862,1211.3294074852838,89.66787809550328,99.73451872087108,0.02039667047948266,0.03274294977304035,0.037123107237191845,0.8014842300556586,1.1870168310987503,647.9351655777588,1173.2584970224095,0.0926024782901413,0.08342218828371621,0.09680815510359642,10.824383648457795,10.329708266105053,11.987218515522894,0.09626702562279171,0.09248697751354869,0.103225607157172,0.9978012166175608,-14.283559434525799,0.9974774977857663,14.283559500027714,0.9901306569334418,0.9974774977857663,0.9974774977857663,alpha_profile,position_level_alpha,5,adaptive_ucb,fcfs,square-root,queue-weighted
