label,policy,V,seed,Y,min_x
auc_V1,adaptive_index,1.0,2,36.667048592679635,1.5617711148335827
auc_V3,adaptive_index,3.0,3,36.35302354477824,1.5495230074805377
auc_V30,adaptive_index,30.0,1,36.908502616057355,1.576195221949961
auc_V100,adaptive_index,100.0,2,37.894295227591996,1.6052400525733348
auc_V300,adaptive_index,300.0,3,37.689933036878976,1.6064768155173832
max_throughput,fixed_gamma,,1,33.95051719481149,1.5940855401686387
goodspeed,goodspeed,,2,34.65813872349434,1.4965640707649264
turbospec,turbospec,,3,26.723332209331748,0.9788690503437061
gelato,gelato,,1,17.807579503421366,0.8461523598912585
